Found 577 test(s).
Creating test database for alias 'default'...
=== Starting migration
Operations to perform:
  Apply all migrations: academics, accounts, admin, auth, contenttypes, fees, gradebook, results, schools, sessions
Running migrations:
  Applying academics.0001_initial...
 OK
  Applying academics.0002_term_next_term_starts_on_term_school_days_and_more...
 OK
  Applying academics.0003_classgroup_classplacement...
 OK
  Applying academics.0004_classteacher...
 OK
  Applying schools.0001_initial...
 OK
  Applying contenttypes.0001_initial...
 OK
  Applying contenttypes.0002_remove_content_type_name...
 OK
  Applying auth.0001_initial...
 OK
  Applying auth.0002_alter_permission_name_max_length...
 OK
  Applying auth.0003_alter_user_email_max_length...
 OK
  Applying auth.0004_alter_user_username_opts...
 OK
  Applying auth.0005_alter_user_last_login_null...
 OK
  Applying auth.0006_require_contenttypes_0002...
 OK
  Applying auth.0007_alter_validators_add_error_messages...
 OK
  Applying auth.0008_alter_user_username_max_length...
 OK
  Applying auth.0009_alter_user_last_name_max_length...
 OK
  Applying auth.0010_alter_group_name_max_length...
 OK
  Applying auth.0011_update_proxy_permissions...
 OK
  Applying auth.0012_alter_user_first_name_max_length...
 OK
  Applying accounts.0001_initial...
 OK
  Applying accounts.0002_alter_guardianship_guardian_and_more...
 OK
  Applying accounts.0003_alter_user_username...
 OK
  Applying schools.0002_invitation...
 OK
  Applying accounts.0004_transferrequest...
 OK
  Applying accounts.0005_rename_answered_at_transferrequest_resolved_at_and_more...
 OK
  Applying accounts.0006_signinattempts...
 OK
  Applying accounts.0007_alter_membership_role...
 OK
  Applying admin.0001_initial...
 OK
  Applying admin.0002_logentry_remove_auto_add...
 OK
  Applying admin.0003_logentry_add_action_flag_choices...
 OK
  Applying fees.0001_initial...
 OK
  Applying fees.0002_ledger_is_append_only...
 OK
  Applying results.0001_initial...
 OK
  Applying results.0002_transitions_are_append_only...
 OK
  Applying results.0003_a_released_sheet_stays_released...
 OK
  Applying results.0004_transition_ordering_index_and_blank_reasons...
 OK
  Applying results.0005_conduct_and_skills_ratings...
 OK
  Applying gradebook.0001_initial...
 OK
  Applying gradebook.0002_a_released_mark_stays_released...
 OK
  Applying results.0006_seed_traits_and_scale...
 OK
  Applying results.0007_a_released_card_stays_released...
 OK
  Applying results.0008_report_card_comments...
 OK
  Applying results.0009_a_released_remark_stays_released...
 OK
  Applying results.0010_a_released_remark_outlives_a_class_move...
 OK
  Applying results.0011_a_released_rating_outlives_a_class_move...
 OK
  Applying results.0012_three_term_view_and_promotion...
 OK
  Applying results.0013_a_session_line_and_a_decision_are_append_only...
 OK
  Applying results.0014_a_term_weighted_nothing_is_still_a_term...
 OK
  Applying results.0015_grade_bands...
 OK
  Applying results.0016_the_report_card_snapshot...
 OK
  Applying results.0017_every_frozen_row_hangs_off_a_card...
 OK
  Applying results.0018_a_frozen_card_is_append_only...
 OK
  Applying results.0019_a_card_can_be_reissued...
 OK
  Applying results.0020_no_index_is_built_twice...
 OK
  Applying results.0021_the_rendered_card...
 OK
  Applying results.0022_a_card_owes_a_file_from_the_moment_it_is_released...
 OK
  Applying sessions.0001_initial...
 OK
System check identified no issues (0 silenced).
....................................................................................EEEEE............................................................................................................................................................................................INFO 2026-09-03 11:25:02,174 [St Mary's] weasyprint.progress Step 2 - Fetching and parsing CSS - CSS string
INFO 2026-09-03 11:25:02,221 [St Mary's] weasyprint.progress Step 2 - Fetching and parsing CSS - CSS string
INFO 2026-09-03 11:25:02,223 [St Mary's] weasyprint.progress Step 2 - Fetching and parsing CSS - CSS string
INFO 2026-09-03 11:25:02,376 [St Mary's] weasyprint.progress Step 1 - Fetching and parsing HTML - HTML string
INFO 2026-09-03 11:25:02,391 [St Mary's] weasyprint.progress Step 2 - Fetching and parsing CSS - CSS string
INFO 2026-09-03 11:25:02,397 [St Mary's] weasyprint.progress Step 3 - Applying CSS
INFO 2026-09-03 11:25:02,400 [St Mary's] weasyprint.progress Step 4 - Creating formatting structure
INFO 2026-09-03 11:25:02,405 [St Mary's] weasyprint.progress Step 5 - Creating layout - Page 1
INFO 2026-09-03 11:25:02,481 [St Mary's] weasyprint.progress Step 6 - Creating PDF
INFO 2026-09-03 11:25:02,513 [St Mary's] weasyprint.progress Step 7 - Adding PDF metadata
INFO 2026-09-03 11:25:02,567 [portal] celery.app.trace Task results.tasks.render_card_pdf[24564864-d9ce-4542-aa37-206f369e9b7a] succeeded in 0.9150072249999539s: 10419
ERROR 2026-09-03 11:25:02,587 [portal] celery.app.trace Task results.tasks.render_card_pdf[9ced2b58-bae0-4614-a8b9-9680e745a48a] raised unexpected: RuntimeError('no fonts')
Traceback (most recent call last):
  File "/usr/local/python/3.11.16/lib/python3.11/site-packages/celery/app/trace.py", line 585, in trace_task
    R = retval = fun(*args, **kwargs)
                 ^^^^^^^^^^^^^^^^^^^^
  File "/home/vscode/worktrees/card-render-enqueue/schools/tasks.py", line 232, in __call__
    return super().__call__(*args, **kwargs)
           ^^^^^^^^^^^^^^^^^^^^^^^^^^^^^^^^^
  File "/usr/local/python/3.11.16/lib/python3.11/site-packages/celery/app/task.py", line 430, in __call__
    return self.run(*args, **kwargs)
           ^^^^^^^^^^^^^^^^^^^^^^^^^
  File "/home/vscode/worktrees/card-render-enqueue/results/tasks.py", line 93, in render_card_pdf
    content = pdf.render(card)
              ^^^^^^^^^^^^^^^^
  File "/usr/local/python/3.11.16/lib/python3.11/unittest/mock.py", line 1124, in __call__
    return self._mock_call(*args, **kwargs)
           ^^^^^^^^^^^^^^^^^^^^^^^^^^^^^^^^
  File "/usr/local/python/3.11.16/lib/python3.11/unittest/mock.py", line 1128, in _mock_call
    return self._execute_mock_call(*args, **kwargs)
           ^^^^^^^^^^^^^^^^^^^^^^^^^^^^^^^^^^^^^^^^
  File "/usr/local/python/3.11.16/lib/python3.11/unittest/mock.py", line 1183, in _execute_mock_call
    raise effect
RuntimeError: no fonts
.ERROR 2026-09-03 11:25:06,924 [St Mary's] results.tasks Could not record a failed card render.
Traceback (most recent call last):
  File "/usr/local/python/3.11.16/lib/python3.11/site-packages/celery/app/trace.py", line 585, in trace_task
    R = retval = fun(*args, **kwargs)
                 ^^^^^^^^^^^^^^^^^^^^
  File "/home/vscode/worktrees/card-render-enqueue/schools/tasks.py", line 232, in __call__
    return super().__call__(*args, **kwargs)
           ^^^^^^^^^^^^^^^^^^^^^^^^^^^^^^^^^
  File "/usr/local/python/3.11.16/lib/python3.11/site-packages/celery/app/task.py", line 430, in __call__
    return self.run(*args, **kwargs)
           ^^^^^^^^^^^^^^^^^^^^^^^^^
  File "/home/vscode/worktrees/card-render-enqueue/results/tasks.py", line 93, in render_card_pdf
    content = pdf.render(card)
              ^^^^^^^^^^^^^^^^
  File "/usr/local/python/3.11.16/lib/python3.11/unittest/mock.py", line 1124, in __call__
    return self._mock_call(*args, **kwargs)
           ^^^^^^^^^^^^^^^^^^^^^^^^^^^^^^^^
  File "/usr/local/python/3.11.16/lib/python3.11/unittest/mock.py", line 1128, in _mock_call
    return self._execute_mock_call(*args, **kwargs)
           ^^^^^^^^^^^^^^^^^^^^^^^^^^^^^^^^^^^^^^^^
  File "/usr/local/python/3.11.16/lib/python3.11/unittest/mock.py", line 1183, in _execute_mock_call
    raise effect
RuntimeError: no fonts

During handling of the above exception, another exception occurred:

Traceback (most recent call last):
  File "/home/vscode/worktrees/card-render-enqueue/results/tasks.py", line 71, in on_failure
    _record_the_failure(card_id, exc)
  File "/usr/local/python/3.11.16/lib/python3.11/unittest/mock.py", line 1124, in __call__
    return self._mock_call(*args, **kwargs)
           ^^^^^^^^^^^^^^^^^^^^^^^^^^^^^^^^
  File "/usr/local/python/3.11.16/lib/python3.11/unittest/mock.py", line 1128, in _mock_call
    return self._execute_mock_call(*args, **kwargs)
           ^^^^^^^^^^^^^^^^^^^^^^^^^^^^^^^^^^^^^^^^
  File "/usr/local/python/3.11.16/lib/python3.11/unittest/mock.py", line 1183, in _execute_mock_call
    raise effect
ValueError: and the recorder broke too
ERROR 2026-09-03 11:25:06,927 [portal] celery.app.trace Task results.tasks.render_card_pdf[3368fc92-08b1-4df0-b0d5-70057d171f4b] raised unexpected: RuntimeError('no fonts')
Traceback (most recent call last):
  File "/usr/local/python/3.11.16/lib/python3.11/site-packages/celery/app/trace.py", line 585, in trace_task
    R = retval = fun(*args, **kwargs)
                 ^^^^^^^^^^^^^^^^^^^^
  File "/home/vscode/worktrees/card-render-enqueue/schools/tasks.py", line 232, in __call__
    return super().__call__(*args, **kwargs)
           ^^^^^^^^^^^^^^^^^^^^^^^^^^^^^^^^^
  File "/usr/local/python/3.11.16/lib/python3.11/site-packages/celery/app/task.py", line 430, in __call__
    return self.run(*args, **kwargs)
           ^^^^^^^^^^^^^^^^^^^^^^^^^
  File "/home/vscode/worktrees/card-render-enqueue/results/tasks.py", line 93, in render_card_pdf
    content = pdf.render(card)
              ^^^^^^^^^^^^^^^^
  File "/usr/local/python/3.11.16/lib/python3.11/unittest/mock.py", line 1124, in __call__
    return self._mock_call(*args, **kwargs)
           ^^^^^^^^^^^^^^^^^^^^^^^^^^^^^^^^
  File "/usr/local/python/3.11.16/lib/python3.11/unittest/mock.py", line 1128, in _mock_call
    return self._execute_mock_call(*args, **kwargs)
           ^^^^^^^^^^^^^^^^^^^^^^^^^^^^^^^^^^^^^^^^
  File "/usr/local/python/3.11.16/lib/python3.11/unittest/mock.py", line 1183, in _execute_mock_call
    raise effect
RuntimeError: no fonts
.ERROR 2026-09-03 11:25:11,505 [portal] celery.app.trace Task results.tasks.render_card_pdf[34f95388-e284-4661-ac4f-2aca23ed6754] raised unexpected: RuntimeError('no fonts')
Traceback (most recent call last):
  File "/usr/local/python/3.11.16/lib/python3.11/site-packages/celery/app/trace.py", line 585, in trace_task
    R = retval = fun(*args, **kwargs)
                 ^^^^^^^^^^^^^^^^^^^^
  File "/home/vscode/worktrees/card-render-enqueue/schools/tasks.py", line 232, in __call__
    return super().__call__(*args, **kwargs)
           ^^^^^^^^^^^^^^^^^^^^^^^^^^^^^^^^^
  File "/usr/local/python/3.11.16/lib/python3.11/site-packages/celery/app/task.py", line 430, in __call__
    return self.run(*args, **kwargs)
           ^^^^^^^^^^^^^^^^^^^^^^^^^
  File "/home/vscode/worktrees/card-render-enqueue/results/tasks.py", line 93, in render_card_pdf
    content = pdf.render(card)
              ^^^^^^^^^^^^^^^^
  File "/usr/local/python/3.11.16/lib/python3.11/unittest/mock.py", line 1124, in __call__
    return self._mock_call(*args, **kwargs)
           ^^^^^^^^^^^^^^^^^^^^^^^^^^^^^^^^
  File "/usr/local/python/3.11.16/lib/python3.11/unittest/mock.py", line 1128, in _mock_call
    return self._execute_mock_call(*args, **kwargs)
           ^^^^^^^^^^^^^^^^^^^^^^^^^^^^^^^^^^^^^^^^
  File "/usr/local/python/3.11.16/lib/python3.11/unittest/mock.py", line 1183, in _execute_mock_call
    raise effect
RuntimeError: no fonts
.ERROR 2026-09-03 11:25:15,840 [portal] celery.app.trace Task results.tasks.render_card_pdf[03d37c48-6906-492f-b71d-a3b86aab32e5] raised unexpected: RuntimeError('no fonts')
Traceback (most recent call last):
  File "/usr/local/python/3.11.16/lib/python3.11/site-packages/celery/app/trace.py", line 585, in trace_task
    R = retval = fun(*args, **kwargs)
                 ^^^^^^^^^^^^^^^^^^^^
  File "/home/vscode/worktrees/card-render-enqueue/schools/tasks.py", line 232, in __call__
    return super().__call__(*args, **kwargs)
           ^^^^^^^^^^^^^^^^^^^^^^^^^^^^^^^^^
  File "/usr/local/python/3.11.16/lib/python3.11/site-packages/celery/app/task.py", line 430, in __call__
    return self.run(*args, **kwargs)
           ^^^^^^^^^^^^^^^^^^^^^^^^^
  File "/home/vscode/worktrees/card-render-enqueue/results/tasks.py", line 93, in render_card_pdf
    content = pdf.render(card)
              ^^^^^^^^^^^^^^^^
  File "/usr/local/python/3.11.16/lib/python3.11/unittest/mock.py", line 1124, in __call__
    return self._mock_call(*args, **kwargs)
           ^^^^^^^^^^^^^^^^^^^^^^^^^^^^^^^^
  File "/usr/local/python/3.11.16/lib/python3.11/unittest/mock.py", line 1128, in _mock_call
    return self._execute_mock_call(*args, **kwargs)
           ^^^^^^^^^^^^^^^^^^^^^^^^^^^^^^^^^^^^^^^^
  File "/usr/local/python/3.11.16/lib/python3.11/unittest/mock.py", line 1183, in _execute_mock_call
    raise effect
RuntimeError: no fonts
.....INFO 2026-09-03 11:25:49,231 [St Mary's] weasyprint.progress Step 1 - Fetching and parsing HTML - HTML string
INFO 2026-09-03 11:25:49,239 [St Mary's] weasyprint.progress Step 2 - Fetching and parsing CSS - CSS string
INFO 2026-09-03 11:25:49,244 [St Mary's] weasyprint.progress Step 3 - Applying CSS
INFO 2026-09-03 11:25:49,246 [St Mary's] weasyprint.progress Step 4 - Creating formatting structure
INFO 2026-09-03 11:25:49,251 [St Mary's] weasyprint.progress Step 5 - Creating layout - Page 1
INFO 2026-09-03 11:25:49,286 [St Mary's] weasyprint.progress Step 6 - Creating PDF
INFO 2026-09-03 11:25:49,295 [St Mary's] weasyprint.progress Step 7 - Adding PDF metadata
INFO 2026-09-03 11:25:49,304 [St Mary's] weasyprint.progress Step 1 - Fetching and parsing HTML - HTML string
INFO 2026-09-03 11:25:49,311 [St Mary's] weasyprint.progress Step 2 - Fetching and parsing CSS - CSS string
INFO 2026-09-03 11:25:49,316 [St Mary's] weasyprint.progress Step 3 - Applying CSS
INFO 2026-09-03 11:25:49,319 [St Mary's] weasyprint.progress Step 4 - Creating formatting structure
INFO 2026-09-03 11:25:49,363 [St Mary's] weasyprint.progress Step 5 - Creating layout - Page 1
INFO 2026-09-03 11:25:49,410 [St Mary's] weasyprint.progress Step 6 - Creating PDF
INFO 2026-09-03 11:25:49,418 [St Mary's] weasyprint.progress Step 7 - Adding PDF metadata
INFO 2026-09-03 11:25:49,434 [St Mary's] weasyprint.progress Step 1 - Fetching and parsing HTML - HTML string
INFO 2026-09-03 11:25:49,444 [St Mary's] weasyprint.progress Step 2 - Fetching and parsing CSS - CSS string
INFO 2026-09-03 11:25:49,448 [St Mary's] weasyprint.progress Step 3 - Applying CSS
INFO 2026-09-03 11:25:49,451 [St Mary's] weasyprint.progress Step 4 - Creating formatting structure
INFO 2026-09-03 11:25:49,458 [St Mary's] weasyprint.progress Step 5 - Creating layout - Page 1
INFO 2026-09-03 11:25:49,493 [St Mary's] weasyprint.progress Step 6 - Creating PDF
INFO 2026-09-03 11:25:49,500 [St Mary's] weasyprint.progress Step 7 - Adding PDF metadata
INFO 2026-09-03 11:25:49,514 [St Mary's] weasyprint.progress Step 1 - Fetching and parsing HTML - HTML string
INFO 2026-09-03 11:25:49,523 [St Mary's] weasyprint.progress Step 2 - Fetching and parsing CSS - CSS string
INFO 2026-09-03 11:25:49,527 [St Mary's] weasyprint.progress Step 3 - Applying CSS
INFO 2026-09-03 11:25:49,529 [St Mary's] weasyprint.progress Step 4 - Creating formatting structure
INFO 2026-09-03 11:25:49,535 [St Mary's] weasyprint.progress Step 5 - Creating layout - Page 1
INFO 2026-09-03 11:25:49,570 [St Mary's] weasyprint.progress Step 6 - Creating PDF
INFO 2026-09-03 11:25:49,577 [St Mary's] weasyprint.progress Step 7 - Adding PDF metadata
INFO 2026-09-03 11:25:49,588 [St Mary's] weasyprint.progress Step 1 - Fetching and parsing HTML - HTML string
INFO 2026-09-03 11:25:49,595 [St Mary's] weasyprint.progress Step 2 - Fetching and parsing CSS - CSS string
INFO 2026-09-03 11:25:49,600 [St Mary's] weasyprint.progress Step 3 - Applying CSS
INFO 2026-09-03 11:25:49,604 [St Mary's] weasyprint.progress Step 4 - Creating formatting structure
INFO 2026-09-03 11:25:49,609 [St Mary's] weasyprint.progress Step 5 - Creating layout - Page 1
INFO 2026-09-03 11:25:49,644 [St Mary's] weasyprint.progress Step 6 - Creating PDF
INFO 2026-09-03 11:25:49,653 [St Mary's] weasyprint.progress Step 7 - Adding PDF metadata
INFO 2026-09-03 11:25:49,668 [St Mary's] weasyprint.progress Step 1 - Fetching and parsing HTML - HTML string
INFO 2026-09-03 11:25:49,675 [St Mary's] weasyprint.progress Step 2 - Fetching and parsing CSS - CSS string
INFO 2026-09-03 11:25:49,679 [St Mary's] weasyprint.progress Step 3 - Applying CSS
INFO 2026-09-03 11:25:49,682 [St Mary's] weasyprint.progress Step 4 - Creating formatting structure
INFO 2026-09-03 11:25:49,687 [St Mary's] weasyprint.progress Step 5 - Creating layout - Page 1
INFO 2026-09-03 11:25:49,725 [St Mary's] weasyprint.progress Step 6 - Creating PDF
INFO 2026-09-03 11:25:49,735 [St Mary's] weasyprint.progress Step 7 - Adding PDF metadata
INFO 2026-09-03 11:25:49,744 [St Mary's] weasyprint.progress Step 1 - Fetching and parsing HTML - HTML string
INFO 2026-09-03 11:25:49,750 [St Mary's] weasyprint.progress Step 2 - Fetching and parsing CSS - CSS string
INFO 2026-09-03 11:25:49,755 [St Mary's] weasyprint.progress Step 3 - Applying CSS
INFO 2026-09-03 11:25:49,759 [St Mary's] weasyprint.progress Step 4 - Creating formatting structure
INFO 2026-09-03 11:25:49,764 [St Mary's] weasyprint.progress Step 5 - Creating layout - Page 1
INFO 2026-09-03 11:25:49,798 [St Mary's] weasyprint.progress Step 6 - Creating PDF
INFO 2026-09-03 11:25:49,805 [St Mary's] weasyprint.progress Step 7 - Adding PDF metadata
INFO 2026-09-03 11:25:49,814 [St Mary's] weasyprint.progress Step 1 - Fetching and parsing HTML - HTML string
INFO 2026-09-03 11:25:49,821 [St Mary's] weasyprint.progress Step 2 - Fetching and parsing CSS - CSS string
INFO 2026-09-03 11:25:49,827 [St Mary's] weasyprint.progress Step 3 - Applying CSS
INFO 2026-09-03 11:25:49,830 [St Mary's] weasyprint.progress Step 4 - Creating formatting structure
INFO 2026-09-03 11:25:49,836 [St Mary's] weasyprint.progress Step 5 - Creating layout - Page 1
INFO 2026-09-03 11:25:49,869 [St Mary's] weasyprint.progress Step 6 - Creating PDF
INFO 2026-09-03 11:25:49,876 [St Mary's] weasyprint.progress Step 7 - Adding PDF metadata
INFO 2026-09-03 11:25:49,885 [St Mary's] weasyprint.progress Step 1 - Fetching and parsing HTML - HTML string
INFO 2026-09-03 11:25:49,892 [St Mary's] weasyprint.progress Step 2 - Fetching and parsing CSS - CSS string
INFO 2026-09-03 11:25:49,899 [St Mary's] weasyprint.progress Step 3 - Applying CSS
INFO 2026-09-03 11:25:49,906 [St Mary's] weasyprint.progress Step 4 - Creating formatting structure
INFO 2026-09-03 11:25:49,911 [St Mary's] weasyprint.progress Step 5 - Creating layout - Page 1
INFO 2026-09-03 11:25:49,948 [St Mary's] weasyprint.progress Step 6 - Creating PDF
INFO 2026-09-03 11:25:49,958 [St Mary's] weasyprint.progress Step 7 - Adding PDF metadata
INFO 2026-09-03 11:25:49,967 [St Mary's] weasyprint.progress Step 1 - Fetching and parsing HTML - HTML string
INFO 2026-09-03 11:25:49,973 [St Mary's] weasyprint.progress Step 2 - Fetching and parsing CSS - CSS string
INFO 2026-09-03 11:25:49,978 [St Mary's] weasyprint.progress Step 3 - Applying CSS
INFO 2026-09-03 11:25:49,980 [St Mary's] weasyprint.progress Step 4 - Creating formatting structure
INFO 2026-09-03 11:25:49,989 [St Mary's] weasyprint.progress Step 5 - Creating layout - Page 1
INFO 2026-09-03 11:25:50,023 [St Mary's] weasyprint.progress Step 6 - Creating PDF
INFO 2026-09-03 11:25:50,033 [St Mary's] weasyprint.progress Step 7 - Adding PDF metadata
INFO 2026-09-03 11:25:50,042 [St Mary's] weasyprint.progress Step 1 - Fetching and parsing HTML - HTML string
INFO 2026-09-03 11:25:50,049 [St Mary's] weasyprint.progress Step 2 - Fetching and parsing CSS - CSS string
INFO 2026-09-03 11:25:50,053 [St Mary's] weasyprint.progress Step 3 - Applying CSS
INFO 2026-09-03 11:25:50,058 [St Mary's] weasyprint.progress Step 4 - Creating formatting structure
INFO 2026-09-03 11:25:50,064 [St Mary's] weasyprint.progress Step 5 - Creating layout - Page 1
INFO 2026-09-03 11:25:50,102 [St Mary's] weasyprint.progress Step 6 - Creating PDF
INFO 2026-09-03 11:25:50,113 [St Mary's] weasyprint.progress Step 7 - Adding PDF metadata
INFO 2026-09-03 11:25:50,126 [St Mary's] weasyprint.progress Step 1 - Fetching and parsing HTML - HTML string
INFO 2026-09-03 11:25:50,139 [St Mary's] weasyprint.progress Step 2 - Fetching and parsing CSS - CSS string
INFO 2026-09-03 11:25:50,143 [St Mary's] weasyprint.progress Step 3 - Applying CSS
INFO 2026-09-03 11:25:50,145 [St Mary's] weasyprint.progress Step 4 - Creating formatting structure
INFO 2026-09-03 11:25:50,151 [St Mary's] weasyprint.progress Step 5 - Creating layout - Page 1
INFO 2026-09-03 11:25:50,185 [St Mary's] weasyprint.progress Step 6 - Creating PDF
INFO 2026-09-03 11:25:50,193 [St Mary's] weasyprint.progress Step 7 - Adding PDF metadata
INFO 2026-09-03 11:25:50,202 [St Mary's] weasyprint.progress Step 1 - Fetching and parsing HTML - HTML string
INFO 2026-09-03 11:25:50,209 [St Mary's] weasyprint.progress Step 2 - Fetching and parsing CSS - CSS string
INFO 2026-09-03 11:25:50,213 [St Mary's] weasyprint.progress Step 3 - Applying CSS
INFO 2026-09-03 11:25:50,220 [St Mary's] weasyprint.progress Step 4 - Creating formatting structure
INFO 2026-09-03 11:25:50,226 [St Mary's] weasyprint.progress Step 5 - Creating layout - Page 1
INFO 2026-09-03 11:25:50,260 [St Mary's] weasyprint.progress Step 6 - Creating PDF
INFO 2026-09-03 11:25:50,267 [St Mary's] weasyprint.progress Step 7 - Adding PDF metadata
INFO 2026-09-03 11:25:50,278 [St Mary's] weasyprint.progress Step 1 - Fetching and parsing HTML - HTML string
INFO 2026-09-03 11:25:50,285 [St Mary's] weasyprint.progress Step 2 - Fetching and parsing CSS - CSS string
INFO 2026-09-03 11:25:50,291 [St Mary's] weasyprint.progress Step 3 - Applying CSS
INFO 2026-09-03 11:25:50,293 [St Mary's] weasyprint.progress Step 4 - Creating formatting structure
INFO 2026-09-03 11:25:50,300 [St Mary's] weasyprint.progress Step 5 - Creating layout - Page 1
INFO 2026-09-03 11:25:50,334 [St Mary's] weasyprint.progress Step 6 - Creating PDF
INFO 2026-09-03 11:25:50,341 [St Mary's] weasyprint.progress Step 7 - Adding PDF metadata
INFO 2026-09-03 11:25:50,351 [St Mary's] weasyprint.progress Step 1 - Fetching and parsing HTML - HTML string
INFO 2026-09-03 11:25:50,358 [St Mary's] weasyprint.progress Step 2 - Fetching and parsing CSS - CSS string
INFO 2026-09-03 11:25:50,369 [St Mary's] weasyprint.progress Step 3 - Applying CSS
INFO 2026-09-03 11:25:50,373 [St Mary's] weasyprint.progress Step 4 - Creating formatting structure
INFO 2026-09-03 11:25:50,378 [St Mary's] weasyprint.progress Step 5 - Creating layout - Page 1
INFO 2026-09-03 11:25:50,418 [St Mary's] weasyprint.progress Step 6 - Creating PDF
INFO 2026-09-03 11:25:50,430 [St Mary's] weasyprint.progress Step 7 - Adding PDF metadata
INFO 2026-09-03 11:25:50,443 [St Mary's] weasyprint.progress Step 1 - Fetching and parsing HTML - HTML string
INFO 2026-09-03 11:25:50,450 [St Mary's] weasyprint.progress Step 2 - Fetching and parsing CSS - CSS string
INFO 2026-09-03 11:25:50,454 [St Mary's] weasyprint.progress Step 3 - Applying CSS
INFO 2026-09-03 11:25:50,457 [St Mary's] weasyprint.progress Step 4 - Creating formatting structure
INFO 2026-09-03 11:25:50,462 [St Mary's] weasyprint.progress Step 5 - Creating layout - Page 1
INFO 2026-09-03 11:25:50,496 [St Mary's] weasyprint.progress Step 6 - Creating PDF
INFO 2026-09-03 11:25:50,508 [St Mary's] weasyprint.progress Step 7 - Adding PDF metadata
INFO 2026-09-03 11:25:50,518 [St Mary's] weasyprint.progress Step 1 - Fetching and parsing HTML - HTML string
INFO 2026-09-03 11:25:50,525 [St Mary's] weasyprint.progress Step 2 - Fetching and parsing CSS - CSS string
INFO 2026-09-03 11:25:50,529 [St Mary's] weasyprint.progress Step 3 - Applying CSS
INFO 2026-09-03 11:25:50,531 [St Mary's] weasyprint.progress Step 4 - Creating formatting structure
INFO 2026-09-03 11:25:50,536 [St Mary's] weasyprint.progress Step 5 - Creating layout - Page 1
INFO 2026-09-03 11:25:50,568 [St Mary's] weasyprint.progress Step 6 - Creating PDF
INFO 2026-09-03 11:25:50,578 [St Mary's] weasyprint.progress Step 7 - Adding PDF metadata
INFO 2026-09-03 11:25:50,587 [St Mary's] weasyprint.progress Step 1 - Fetching and parsing HTML - HTML string
INFO 2026-09-03 11:25:50,594 [St Mary's] weasyprint.progress Step 2 - Fetching and parsing CSS - CSS string
INFO 2026-09-03 11:25:50,598 [St Mary's] weasyprint.progress Step 3 - Applying CSS
INFO 2026-09-03 11:25:50,601 [St Mary's] weasyprint.progress Step 4 - Creating formatting structure
INFO 2026-09-03 11:25:50,606 [St Mary's] weasyprint.progress Step 5 - Creating layout - Page 1
INFO 2026-09-03 11:25:50,643 [St Mary's] weasyprint.progress Step 6 - Creating PDF
INFO 2026-09-03 11:25:50,652 [St Mary's] weasyprint.progress Step 7 - Adding PDF metadata
INFO 2026-09-03 11:25:50,665 [St Mary's] weasyprint.progress Step 1 - Fetching and parsing HTML - HTML string
INFO 2026-09-03 11:25:50,672 [St Mary's] weasyprint.progress Step 2 - Fetching and parsing CSS - CSS string
INFO 2026-09-03 11:25:50,676 [St Mary's] weasyprint.progress Step 3 - Applying CSS
INFO 2026-09-03 11:25:50,678 [St Mary's] weasyprint.progress Step 4 - Creating formatting structure
INFO 2026-09-03 11:25:50,683 [St Mary's] weasyprint.progress Step 5 - Creating layout - Page 1
INFO 2026-09-03 11:25:50,718 [St Mary's] weasyprint.progress Step 6 - Creating PDF
INFO 2026-09-03 11:25:50,725 [St Mary's] weasyprint.progress Step 7 - Adding PDF metadata
INFO 2026-09-03 11:25:50,745 [St Mary's] weasyprint.progress Step 1 - Fetching and parsing HTML - HTML string
INFO 2026-09-03 11:25:50,757 [St Mary's] weasyprint.progress Step 2 - Fetching and parsing CSS - CSS string
INFO 2026-09-03 11:25:50,764 [St Mary's] weasyprint.progress Step 3 - Applying CSS
INFO 2026-09-03 11:25:50,772 [St Mary's] weasyprint.progress Step 4 - Creating formatting structure
INFO 2026-09-03 11:25:50,782 [St Mary's] weasyprint.progress Step 5 - Creating layout - Page 1
INFO 2026-09-03 11:25:50,814 [St Mary's] weasyprint.progress Step 6 - Creating PDF
INFO 2026-09-03 11:25:50,822 [St Mary's] weasyprint.progress Step 7 - Adding PDF metadata
INFO 2026-09-03 11:25:50,831 [St Mary's] weasyprint.progress Step 1 - Fetching and parsing HTML - HTML string
INFO 2026-09-03 11:25:50,840 [St Mary's] weasyprint.progress Step 2 - Fetching and parsing CSS - CSS string
INFO 2026-09-03 11:25:50,845 [St Mary's] weasyprint.progress Step 3 - Applying CSS
INFO 2026-09-03 11:25:50,848 [St Mary's] weasyprint.progress Step 4 - Creating formatting structure
INFO 2026-09-03 11:25:50,856 [St Mary's] weasyprint.progress Step 5 - Creating layout - Page 1
INFO 2026-09-03 11:25:50,888 [St Mary's] weasyprint.progress Step 6 - Creating PDF
INFO 2026-09-03 11:25:50,899 [St Mary's] weasyprint.progress Step 7 - Adding PDF metadata
INFO 2026-09-03 11:25:50,908 [St Mary's] weasyprint.progress Step 1 - Fetching and parsing HTML - HTML string
INFO 2026-09-03 11:25:50,915 [St Mary's] weasyprint.progress Step 2 - Fetching and parsing CSS - CSS string
INFO 2026-09-03 11:25:50,919 [St Mary's] weasyprint.progress Step 3 - Applying CSS
INFO 2026-09-03 11:25:50,924 [St Mary's] weasyprint.progress Step 4 - Creating formatting structure
INFO 2026-09-03 11:25:50,929 [St Mary's] weasyprint.progress Step 5 - Creating layout - Page 1
INFO 2026-09-03 11:25:50,965 [St Mary's] weasyprint.progress Step 6 - Creating PDF
INFO 2026-09-03 11:25:50,976 [St Mary's] weasyprint.progress Step 7 - Adding PDF metadata
INFO 2026-09-03 11:25:50,987 [St Mary's] weasyprint.progress Step 1 - Fetching and parsing HTML - HTML string
INFO 2026-09-03 11:25:50,995 [St Mary's] weasyprint.progress Step 2 - Fetching and parsing CSS - CSS string
INFO 2026-09-03 11:25:51,000 [St Mary's] weasyprint.progress Step 3 - Applying CSS
INFO 2026-09-03 11:25:51,003 [St Mary's] weasyprint.progress Step 4 - Creating formatting structure
INFO 2026-09-03 11:25:51,011 [St Mary's] weasyprint.progress Step 5 - Creating layout - Page 1
INFO 2026-09-03 11:25:51,045 [St Mary's] weasyprint.progress Step 6 - Creating PDF
INFO 2026-09-03 11:25:51,052 [St Mary's] weasyprint.progress Step 7 - Adding PDF metadata
INFO 2026-09-03 11:25:51,061 [St Mary's] weasyprint.progress Step 1 - Fetching and parsing HTML - HTML string
INFO 2026-09-03 11:25:51,068 [St Mary's] weasyprint.progress Step 2 - Fetching and parsing CSS - CSS string
INFO 2026-09-03 11:25:51,073 [St Mary's] weasyprint.progress Step 3 - Applying CSS
INFO 2026-09-03 11:25:51,079 [St Mary's] weasyprint.progress Step 4 - Creating formatting structure
INFO 2026-09-03 11:25:51,143 [St Mary's] weasyprint.progress Step 5 - Creating layout - Page 1
INFO 2026-09-03 11:25:51,177 [St Mary's] weasyprint.progress Step 6 - Creating PDF
INFO 2026-09-03 11:25:51,188 [St Mary's] weasyprint.progress Step 7 - Adding PDF metadata
INFO 2026-09-03 11:25:51,197 [St Mary's] weasyprint.progress Step 1 - Fetching and parsing HTML - HTML string
INFO 2026-09-03 11:25:51,204 [St Mary's] weasyprint.progress Step 2 - Fetching and parsing CSS - CSS string
INFO 2026-09-03 11:25:51,208 [St Mary's] weasyprint.progress Step 3 - Applying CSS
INFO 2026-09-03 11:25:51,210 [St Mary's] weasyprint.progress Step 4 - Creating formatting structure
INFO 2026-09-03 11:25:51,215 [St Mary's] weasyprint.progress Step 5 - Creating layout - Page 1
INFO 2026-09-03 11:25:51,248 [St Mary's] weasyprint.progress Step 6 - Creating PDF
INFO 2026-09-03 11:25:51,255 [St Mary's] weasyprint.progress Step 7 - Adding PDF metadata
INFO 2026-09-03 11:25:51,270 [St Mary's] weasyprint.progress Step 1 - Fetching and parsing HTML - HTML string
INFO 2026-09-03 11:25:51,277 [St Mary's] weasyprint.progress Step 2 - Fetching and parsing CSS - CSS string
INFO 2026-09-03 11:25:51,282 [St Mary's] weasyprint.progress Step 3 - Applying CSS
INFO 2026-09-03 11:25:51,284 [St Mary's] weasyprint.progress Step 4 - Creating formatting structure
INFO 2026-09-03 11:25:51,290 [St Mary's] weasyprint.progress Step 5 - Creating layout - Page 1
INFO 2026-09-03 11:25:51,328 [St Mary's] weasyprint.progress Step 6 - Creating PDF
INFO 2026-09-03 11:25:51,337 [St Mary's] weasyprint.progress Step 7 - Adding PDF metadata
INFO 2026-09-03 11:25:51,349 [St Mary's] weasyprint.progress Step 1 - Fetching and parsing HTML - HTML string
INFO 2026-09-03 11:25:51,356 [St Mary's] weasyprint.progress Step 2 - Fetching and parsing CSS - CSS string
INFO 2026-09-03 11:25:51,362 [St Mary's] weasyprint.progress Step 3 - Applying CSS
INFO 2026-09-03 11:25:51,364 [St Mary's] weasyprint.progress Step 4 - Creating formatting structure
INFO 2026-09-03 11:25:51,369 [St Mary's] weasyprint.progress Step 5 - Creating layout - Page 1
INFO 2026-09-03 11:25:51,405 [St Mary's] weasyprint.progress Step 6 - Creating PDF
INFO 2026-09-03 11:25:51,413 [St Mary's] weasyprint.progress Step 7 - Adding PDF metadata
INFO 2026-09-03 11:25:51,422 [St Mary's] weasyprint.progress Step 1 - Fetching and parsing HTML - HTML string
INFO 2026-09-03 11:25:51,434 [St Mary's] weasyprint.progress Step 2 - Fetching and parsing CSS - CSS string
INFO 2026-09-03 11:25:51,442 [St Mary's] weasyprint.progress Step 3 - Applying CSS
INFO 2026-09-03 11:25:51,446 [St Mary's] weasyprint.progress Step 4 - Creating formatting structure
INFO 2026-09-03 11:25:51,453 [St Mary's] weasyprint.progress Step 5 - Creating layout - Page 1
INFO 2026-09-03 11:25:51,490 [St Mary's] weasyprint.progress Step 6 - Creating PDF
INFO 2026-09-03 11:25:51,497 [St Mary's] weasyprint.progress Step 7 - Adding PDF metadata
INFO 2026-09-03 11:25:51,506 [St Mary's] weasyprint.progress Step 1 - Fetching and parsing HTML - HTML string
INFO 2026-09-03 11:25:51,513 [St Mary's] weasyprint.progress Step 2 - Fetching and parsing CSS - CSS string
INFO 2026-09-03 11:25:51,518 [St Mary's] weasyprint.progress Step 3 - Applying CSS
INFO 2026-09-03 11:25:51,520 [St Mary's] weasyprint.progress Step 4 - Creating formatting structure
INFO 2026-09-03 11:25:51,527 [St Mary's] weasyprint.progress Step 5 - Creating layout - Page 1
INFO 2026-09-03 11:25:51,558 [St Mary's] weasyprint.progress Step 6 - Creating PDF
INFO 2026-09-03 11:25:51,566 [St Mary's] weasyprint.progress Step 7 - Adding PDF metadata
INFO 2026-09-03 11:25:51,576 [St Mary's] weasyprint.progress Step 1 - Fetching and parsing HTML - HTML string
INFO 2026-09-03 11:25:51,583 [St Mary's] weasyprint.progress Step 2 - Fetching and parsing CSS - CSS string
INFO 2026-09-03 11:25:51,588 [St Mary's] weasyprint.progress Step 3 - Applying CSS
INFO 2026-09-03 11:25:51,590 [St Mary's] weasyprint.progress Step 4 - Creating formatting structure
INFO 2026-09-03 11:25:51,597 [St Mary's] weasyprint.progress Step 5 - Creating layout - Page 1
INFO 2026-09-03 11:25:51,631 [St Mary's] weasyprint.progress Step 6 - Creating PDF
INFO 2026-09-03 11:25:51,638 [St Mary's] weasyprint.progress Step 7 - Adding PDF metadata
INFO 2026-09-03 11:25:51,647 [St Mary's] weasyprint.progress Step 1 - Fetching and parsing HTML - HTML string
INFO 2026-09-03 11:25:51,654 [St Mary's] weasyprint.progress Step 2 - Fetching and parsing CSS - CSS string
INFO 2026-09-03 11:25:51,659 [St Mary's] weasyprint.progress Step 3 - Applying CSS
INFO 2026-09-03 11:25:51,662 [St Mary's] weasyprint.progress Step 4 - Creating formatting structure
INFO 2026-09-03 11:25:51,668 [St Mary's] weasyprint.progress Step 5 - Creating layout - Page 1
INFO 2026-09-03 11:25:51,702 [St Mary's] weasyprint.progress Step 6 - Creating PDF
INFO 2026-09-03 11:25:51,711 [St Mary's] weasyprint.progress Step 7 - Adding PDF metadata
INFO 2026-09-03 11:25:51,726 [St Mary's] weasyprint.progress Step 1 - Fetching and parsing HTML - HTML string
INFO 2026-09-03 11:25:51,737 [St Mary's] weasyprint.progress Step 2 - Fetching and parsing CSS - CSS string
INFO 2026-09-03 11:25:51,746 [St Mary's] weasyprint.progress Step 3 - Applying CSS
INFO 2026-09-03 11:25:51,754 [St Mary's] weasyprint.progress Step 4 - Creating formatting structure
INFO 2026-09-03 11:25:51,766 [St Mary's] weasyprint.progress Step 5 - Creating layout - Page 1
INFO 2026-09-03 11:25:51,806 [St Mary's] weasyprint.progress Step 6 - Creating PDF
INFO 2026-09-03 11:25:51,817 [St Mary's] weasyprint.progress Step 7 - Adding PDF metadata
INFO 2026-09-03 11:25:51,830 [St Mary's] weasyprint.progress Step 1 - Fetching and parsing HTML - HTML string
INFO 2026-09-03 11:25:51,839 [St Mary's] weasyprint.progress Step 2 - Fetching and parsing CSS - CSS string
INFO 2026-09-03 11:25:51,843 [St Mary's] weasyprint.progress Step 3 - Applying CSS
INFO 2026-09-03 11:25:51,845 [St Mary's] weasyprint.progress Step 4 - Creating formatting structure
INFO 2026-09-03 11:25:51,851 [St Mary's] weasyprint.progress Step 5 - Creating layout - Page 1
INFO 2026-09-03 11:25:51,883 [St Mary's] weasyprint.progress Step 6 - Creating PDF
INFO 2026-09-03 11:25:51,890 [St Mary's] weasyprint.progress Step 7 - Adding PDF metadata
INFO 2026-09-03 11:25:51,904 [St Mary's] weasyprint.progress Step 1 - Fetching and parsing HTML - HTML string
INFO 2026-09-03 11:25:51,911 [St Mary's] weasyprint.progress Step 2 - Fetching and parsing CSS - CSS string
INFO 2026-09-03 11:25:51,918 [St Mary's] weasyprint.progress Step 3 - Applying CSS
INFO 2026-09-03 11:25:51,920 [St Mary's] weasyprint.progress Step 4 - Creating formatting structure
INFO 2026-09-03 11:25:51,925 [St Mary's] weasyprint.progress Step 5 - Creating layout - Page 1
INFO 2026-09-03 11:25:51,959 [St Mary's] weasyprint.progress Step 6 - Creating PDF
INFO 2026-09-03 11:25:51,967 [St Mary's] weasyprint.progress Step 7 - Adding PDF metadata
INFO 2026-09-03 11:25:51,981 [St Mary's] weasyprint.progress Step 1 - Fetching and parsing HTML - HTML string
INFO 2026-09-03 11:25:51,989 [St Mary's] weasyprint.progress Step 2 - Fetching and parsing CSS - CSS string
INFO 2026-09-03 11:25:51,993 [St Mary's] weasyprint.progress Step 3 - Applying CSS
INFO 2026-09-03 11:25:51,995 [St Mary's] weasyprint.progress Step 4 - Creating formatting structure
INFO 2026-09-03 11:25:52,000 [St Mary's] weasyprint.progress Step 5 - Creating layout - Page 1
INFO 2026-09-03 11:25:52,038 [St Mary's] weasyprint.progress Step 6 - Creating PDF
INFO 2026-09-03 11:25:52,050 [St Mary's] weasyprint.progress Step 7 - Adding PDF metadata
INFO 2026-09-03 11:25:52,060 [St Mary's] weasyprint.progress Step 1 - Fetching and parsing HTML - HTML string
INFO 2026-09-03 11:25:52,066 [St Mary's] weasyprint.progress Step 2 - Fetching and parsing CSS - CSS string
INFO 2026-09-03 11:25:52,072 [St Mary's] weasyprint.progress Step 3 - Applying CSS
INFO 2026-09-03 11:25:52,074 [St Mary's] weasyprint.progress Step 4 - Creating formatting structure
INFO 2026-09-03 11:25:52,079 [St Mary's] weasyprint.progress Step 5 - Creating layout - Page 1
INFO 2026-09-03 11:25:52,112 [St Mary's] weasyprint.progress Step 6 - Creating PDF
INFO 2026-09-03 11:25:52,119 [St Mary's] weasyprint.progress Step 7 - Adding PDF metadata
INFO 2026-09-03 11:25:52,128 [St Mary's] weasyprint.progress Step 1 - Fetching and parsing HTML - HTML string
INFO 2026-09-03 11:25:52,136 [St Mary's] weasyprint.progress Step 2 - Fetching and parsing CSS - CSS string
INFO 2026-09-03 11:25:52,148 [St Mary's] weasyprint.progress Step 3 - Applying CSS
INFO 2026-09-03 11:25:52,152 [St Mary's] weasyprint.progress Step 4 - Creating formatting structure
INFO 2026-09-03 11:25:52,160 [St Mary's] weasyprint.progress Step 5 - Creating layout - Page 1
INFO 2026-09-03 11:25:52,209 [St Mary's] weasyprint.progress Step 6 - Creating PDF
INFO 2026-09-03 11:25:52,216 [St Mary's] weasyprint.progress Step 7 - Adding PDF metadata
INFO 2026-09-03 11:25:52,225 [St Mary's] weasyprint.progress Step 1 - Fetching and parsing HTML - HTML string
INFO 2026-09-03 11:25:52,232 [St Mary's] weasyprint.progress Step 2 - Fetching and parsing CSS - CSS string
INFO 2026-09-03 11:25:52,238 [St Mary's] weasyprint.progress Step 3 - Applying CSS
INFO 2026-09-03 11:25:52,241 [St Mary's] weasyprint.progress Step 4 - Creating formatting structure
INFO 2026-09-03 11:25:52,246 [St Mary's] weasyprint.progress Step 5 - Creating layout - Page 1
INFO 2026-09-03 11:25:52,280 [St Mary's] weasyprint.progress Step 6 - Creating PDF
INFO 2026-09-03 11:25:52,287 [St Mary's] weasyprint.progress Step 7 - Adding PDF metadata
INFO 2026-09-03 11:25:52,298 [St Mary's] weasyprint.progress Step 1 - Fetching and parsing HTML - HTML string
INFO 2026-09-03 11:25:52,310 [St Mary's] weasyprint.progress Step 2 - Fetching and parsing CSS - CSS string
INFO 2026-09-03 11:25:52,322 [St Mary's] weasyprint.progress Step 3 - Applying CSS
INFO 2026-09-03 11:25:52,326 [St Mary's] weasyprint.progress Step 4 - Creating formatting structure
INFO 2026-09-03 11:25:52,335 [St Mary's] weasyprint.progress Step 5 - Creating layout - Page 1
INFO 2026-09-03 11:25:52,367 [St Mary's] weasyprint.progress Step 6 - Creating PDF
INFO 2026-09-03 11:25:52,375 [St Mary's] weasyprint.progress Step 7 - Adding PDF metadata
INFO 2026-09-03 11:25:52,383 [St Mary's] weasyprint.progress Step 1 - Fetching and parsing HTML - HTML string
INFO 2026-09-03 11:25:52,393 [St Mary's] weasyprint.progress Step 2 - Fetching and parsing CSS - CSS string
INFO 2026-09-03 11:25:52,397 [St Mary's] weasyprint.progress Step 3 - Applying CSS
INFO 2026-09-03 11:25:52,399 [St Mary's] weasyprint.progress Step 4 - Creating formatting structure
INFO 2026-09-03 11:25:52,404 [St Mary's] weasyprint.progress Step 5 - Creating layout - Page 1
INFO 2026-09-03 11:25:52,448 [St Mary's] weasyprint.progress Step 6 - Creating PDF
INFO 2026-09-03 11:25:52,462 [St Mary's] weasyprint.progress Step 7 - Adding PDF metadata
INFO 2026-09-03 11:25:52,477 [St Mary's] weasyprint.progress Step 1 - Fetching and parsing HTML - HTML string
INFO 2026-09-03 11:25:52,492 [St Mary's] weasyprint.progress Step 2 - Fetching and parsing CSS - CSS string
INFO 2026-09-03 11:25:52,500 [St Mary's] weasyprint.progress Step 3 - Applying CSS
INFO 2026-09-03 11:25:52,505 [St Mary's] weasyprint.progress Step 4 - Creating formatting structure
INFO 2026-09-03 11:25:52,512 [St Mary's] weasyprint.progress Step 5 - Creating layout - Page 1
INFO 2026-09-03 11:25:52,552 [St Mary's] weasyprint.progress Step 6 - Creating PDF
INFO 2026-09-03 11:25:52,559 [St Mary's] weasyprint.progress Step 7 - Adding PDF metadata
INFO 2026-09-03 11:25:52,569 [St Mary's] weasyprint.progress Step 1 - Fetching and parsing HTML - HTML string
INFO 2026-09-03 11:25:52,577 [St Mary's] weasyprint.progress Step 2 - Fetching and parsing CSS - CSS string
INFO 2026-09-03 11:25:52,581 [St Mary's] weasyprint.progress Step 3 - Applying CSS
INFO 2026-09-03 11:25:52,583 [St Mary's] weasyprint.progress Step 4 - Creating formatting structure
INFO 2026-09-03 11:25:52,589 [St Mary's] weasyprint.progress Step 5 - Creating layout - Page 1
INFO 2026-09-03 11:25:52,623 [St Mary's] weasyprint.progress Step 6 - Creating PDF
INFO 2026-09-03 11:25:52,631 [St Mary's] weasyprint.progress Step 7 - Adding PDF metadata
INFO 2026-09-03 11:25:52,640 [St Mary's] weasyprint.progress Step 1 - Fetching and parsing HTML - HTML string
INFO 2026-09-03 11:25:52,647 [St Mary's] weasyprint.progress Step 2 - Fetching and parsing CSS - CSS string
INFO 2026-09-03 11:25:52,651 [St Mary's] weasyprint.progress Step 3 - Applying CSS
INFO 2026-09-03 11:25:52,657 [St Mary's] weasyprint.progress Step 4 - Creating formatting structure
INFO 2026-09-03 11:25:52,663 [St Mary's] weasyprint.progress Step 5 - Creating layout - Page 1
INFO 2026-09-03 11:25:52,700 [St Mary's] weasyprint.progress Step 6 - Creating PDF
INFO 2026-09-03 11:25:52,707 [St Mary's] weasyprint.progress Step 7 - Adding PDF metadata
INFO 2026-09-03 11:25:52,716 [St Mary's] weasyprint.progress Step 1 - Fetching and parsing HTML - HTML string
INFO 2026-09-03 11:25:52,724 [St Mary's] weasyprint.progress Step 2 - Fetching and parsing CSS - CSS string
INFO 2026-09-03 11:25:52,732 [St Mary's] weasyprint.progress Step 3 - Applying CSS
INFO 2026-09-03 11:25:52,737 [St Mary's] weasyprint.progress Step 4 - Creating formatting structure
INFO 2026-09-03 11:25:52,747 [St Mary's] weasyprint.progress Step 5 - Creating layout - Page 1
INFO 2026-09-03 11:25:52,806 [St Mary's] weasyprint.progress Step 6 - Creating PDF
INFO 2026-09-03 11:25:52,813 [St Mary's] weasyprint.progress Step 7 - Adding PDF metadata
INFO 2026-09-03 11:25:52,824 [St Mary's] weasyprint.progress Step 1 - Fetching and parsing HTML - HTML string
INFO 2026-09-03 11:25:52,831 [St Mary's] weasyprint.progress Step 2 - Fetching and parsing CSS - CSS string
INFO 2026-09-03 11:25:52,836 [St Mary's] weasyprint.progress Step 3 - Applying CSS
INFO 2026-09-03 11:25:52,841 [St Mary's] weasyprint.progress Step 4 - Creating formatting structure
INFO 2026-09-03 11:25:52,846 [St Mary's] weasyprint.progress Step 5 - Creating layout - Page 1
INFO 2026-09-03 11:25:52,883 [St Mary's] weasyprint.progress Step 6 - Creating PDF
INFO 2026-09-03 11:25:52,891 [St Mary's] weasyprint.progress Step 7 - Adding PDF metadata

[task 7] 45 cards rendered in 3.67s (82 ms/card), 453 KiB total, 10.1 KiB/card
.INFO 2026-09-03 11:25:57,367 [St Mary's] weasyprint.progress Step 1 - Fetching and parsing HTML - HTML string
INFO 2026-09-03 11:25:57,376 [St Mary's] weasyprint.progress Step 2 - Fetching and parsing CSS - CSS string
INFO 2026-09-03 11:25:57,381 [St Mary's] weasyprint.progress Step 3 - Applying CSS
INFO 2026-09-03 11:25:57,385 [St Mary's] weasyprint.progress Step 4 - Creating formatting structure
INFO 2026-09-03 11:25:57,390 [St Mary's] weasyprint.progress Step 5 - Creating layout - Page 1
INFO 2026-09-03 11:25:57,425 [St Mary's] weasyprint.progress Step 6 - Creating PDF
INFO 2026-09-03 11:25:57,438 [St Mary's] weasyprint.progress Step 7 - Adding PDF metadata
...........INFO 2026-09-03 11:26:43,131 [St Mary's] weasyprint.progress Step 1 - Fetching and parsing HTML - HTML string
INFO 2026-09-03 11:26:43,138 [St Mary's] weasyprint.progress Step 2 - Fetching and parsing CSS - CSS string
INFO 2026-09-03 11:26:43,143 [St Mary's] weasyprint.progress Step 3 - Applying CSS
INFO 2026-09-03 11:26:43,145 [St Mary's] weasyprint.progress Step 4 - Creating formatting structure
INFO 2026-09-03 11:26:43,150 [St Mary's] weasyprint.progress Step 5 - Creating layout - Page 1
INFO 2026-09-03 11:26:43,192 [St Mary's] weasyprint.progress Step 6 - Creating PDF
INFO 2026-09-03 11:26:43,200 [St Mary's] weasyprint.progress Step 7 - Adding PDF metadata
INFO 2026-09-03 11:26:43,207 [portal] celery.app.trace Task results.tasks.render_card_pdf[dab9604d-6ffc-4355-872c-a4d499322600] succeeded in 0.08282302099996741s: 10419
INFO 2026-09-03 11:26:43,215 [St Mary's] weasyprint.progress Step 1 - Fetching and parsing HTML - HTML string
INFO 2026-09-03 11:26:43,222 [St Mary's] weasyprint.progress Step 2 - Fetching and parsing CSS - CSS string
INFO 2026-09-03 11:26:43,226 [St Mary's] weasyprint.progress Step 3 - Applying CSS
INFO 2026-09-03 11:26:43,229 [St Mary's] weasyprint.progress Step 4 - Creating formatting structure
INFO 2026-09-03 11:26:43,233 [St Mary's] weasyprint.progress Step 5 - Creating layout - Page 1
INFO 2026-09-03 11:26:43,270 [St Mary's] weasyprint.progress Step 6 - Creating PDF
INFO 2026-09-03 11:26:43,277 [St Mary's] weasyprint.progress Step 7 - Adding PDF metadata
INFO 2026-09-03 11:26:43,284 [portal] celery.app.trace Task results.tasks.render_card_pdf[b41421e7-476b-4c08-8ee0-7e2e26f0ef04] succeeded in 0.07601440500002354s: 10419
.INFO 2026-09-03 11:26:47,319 [St Mary's] weasyprint.progress Step 1 - Fetching and parsing HTML - HTML string
INFO 2026-09-03 11:26:47,327 [St Mary's] weasyprint.progress Step 2 - Fetching and parsing CSS - CSS string
INFO 2026-09-03 11:26:47,331 [St Mary's] weasyprint.progress Step 3 - Applying CSS
INFO 2026-09-03 11:26:47,333 [St Mary's] weasyprint.progress Step 4 - Creating formatting structure
INFO 2026-09-03 11:26:47,338 [St Mary's] weasyprint.progress Step 5 - Creating layout - Page 1
INFO 2026-09-03 11:26:47,374 [St Mary's] weasyprint.progress Step 6 - Creating PDF
INFO 2026-09-03 11:26:47,381 [St Mary's] weasyprint.progress Step 7 - Adding PDF metadata
INFO 2026-09-03 11:26:47,387 [portal] celery.app.trace Task results.tasks.render_card_pdf[ec31393e-88cb-478d-a4b5-3824b3277488] succeeded in 0.0750542939999832s: 10419
.INFO 2026-09-03 11:26:51,344 [Grace Academy] weasyprint.progress Step 1 - Fetching and parsing HTML - HTML string
INFO 2026-09-03 11:26:51,351 [Grace Academy] weasyprint.progress Step 2 - Fetching and parsing CSS - CSS string
INFO 2026-09-03 11:26:51,357 [Grace Academy] weasyprint.progress Step 3 - Applying CSS
INFO 2026-09-03 11:26:51,359 [Grace Academy] weasyprint.progress Step 4 - Creating formatting structure
INFO 2026-09-03 11:26:51,364 [Grace Academy] weasyprint.progress Step 5 - Creating layout - Page 1
INFO 2026-09-03 11:26:51,401 [Grace Academy] weasyprint.progress Step 6 - Creating PDF
INFO 2026-09-03 11:26:51,411 [Grace Academy] weasyprint.progress Step 7 - Adding PDF metadata
INFO 2026-09-03 11:26:51,419 [portal] celery.app.trace Task results.tasks.render_card_pdf[5f270fdd-f4ac-46d5-bb8c-7422cc67a146] succeeded in 0.08204967399979068s: 9760
...........................................................................................................................................................................................................................................................=== Starting migration
Operations to perform:
  Apply all migrations: academics, accounts, admin, auth, contenttypes, fees, gradebook, results, schools, sessions
Running migrations:
  Applying academics.0001_initial...
 OK
  Applying academics.0002_term_next_term_starts_on_term_school_days_and_more...
 OK
  Applying academics.0003_classgroup_classplacement...
 OK
  Applying academics.0004_classteacher...
 OK
  Applying schools.0001_initial...
 OK
  Applying contenttypes.0001_initial...
 OK
  Applying contenttypes.0002_remove_content_type_name...
 OK
  Applying auth.0001_initial...
 OK
  Applying auth.0002_alter_permission_name_max_length...
 OK
  Applying auth.0003_alter_user_email_max_length...
 OK
  Applying auth.0004_alter_user_username_opts...
 OK
  Applying auth.0005_alter_user_last_login_null...
 OK
  Applying auth.0006_require_contenttypes_0002...
 OK
  Applying auth.0007_alter_validators_add_error_messages...
 OK
  Applying auth.0008_alter_user_username_max_length...
 OK
  Applying auth.0009_alter_user_last_name_max_length...
 OK
  Applying auth.0010_alter_group_name_max_length...
 OK
  Applying auth.0011_update_proxy_permissions...
 OK
  Applying auth.0012_alter_user_first_name_max_length...
 OK
  Applying accounts.0001_initial...
 OK
  Applying accounts.0002_alter_guardianship_guardian_and_more...
 OK
  Applying accounts.0003_alter_user_username...
 OK
  Applying schools.0002_invitation...
 OK
  Applying accounts.0004_transferrequest...
 OK
  Applying accounts.0005_rename_answered_at_transferrequest_resolved_at_and_more...
 OK
  Applying accounts.0006_signinattempts...
 OK
  Applying accounts.0007_alter_membership_role...
 OK
  Applying admin.0001_initial...
 OK
  Applying admin.0002_logentry_remove_auto_add...
 OK
  Applying admin.0003_logentry_add_action_flag_choices...
 OK
  Applying fees.0001_initial...
 OK
  Applying fees.0002_ledger_is_append_only...
 OK
  Applying results.0001_initial...
 OK
  Applying results.0002_transitions_are_append_only...
 OK
  Applying results.0003_a_released_sheet_stays_released...
 OK
  Applying results.0004_transition_ordering_index_and_blank_reasons...
 OK
  Applying results.0005_conduct_and_skills_ratings...
 OK
  Applying gradebook.0001_initial...
 OK
  Applying gradebook.0002_a_released_mark_stays_released...
 OK
  Applying results.0006_seed_traits_and_scale...
 OK
  Applying results.0007_a_released_card_stays_released...
 OK
  Applying results.0008_report_card_comments...
 OK
  Applying results.0009_a_released_remark_stays_released...
 OK
  Applying results.0010_a_released_remark_outlives_a_class_move...
 OK
  Applying results.0011_a_released_rating_outlives_a_class_move...
 OK
  Applying results.0012_three_term_view_and_promotion...
 OK
  Applying results.0013_a_session_line_and_a_decision_are_append_only...
 OK
  Applying results.0014_a_term_weighted_nothing_is_still_a_term...
 OK
  Applying results.0015_grade_bands...
 OK
  Applying results.0016_the_report_card_snapshot...
 OK
  Applying results.0017_every_frozen_row_hangs_off_a_card...
 OK
  Applying results.0018_a_frozen_card_is_append_only...
 OK
  Applying results.0019_a_card_can_be_reissued...
 OK
  Applying results.0020_no_index_is_built_twice...
 OK
  Applying results.0021_the_rendered_card...
 OK
  Applying results.0022_a_card_owes_a_file_from_the_moment_it_is_released...
 OK
  Applying sessions.0001_initial...
 OK
=== Starting migration
Operations to perform:
  Apply all migrations: academics, accounts, admin, auth, contenttypes, fees, gradebook, results, schools, sessions
Running migrations:
  Applying academics.0001_initial...
 OK
  Applying academics.0002_term_next_term_starts_on_term_school_days_and_more...
 OK
  Applying academics.0003_classgroup_classplacement...
 OK
  Applying academics.0004_classteacher...
 OK
  Applying schools.0001_initial...
 OK
  Applying contenttypes.0001_initial...
 OK
  Applying contenttypes.0002_remove_content_type_name...
 OK
  Applying auth.0001_initial...
 OK
  Applying auth.0002_alter_permission_name_max_length...
 OK
  Applying auth.0003_alter_user_email_max_length...
 OK
  Applying auth.0004_alter_user_username_opts...
 OK
  Applying auth.0005_alter_user_last_login_null...
 OK
  Applying auth.0006_require_contenttypes_0002...
 OK
  Applying auth.0007_alter_validators_add_error_messages...
 OK
  Applying auth.0008_alter_user_username_max_length...
 OK
  Applying auth.0009_alter_user_last_name_max_length...
 OK
  Applying auth.0010_alter_group_name_max_length...
 OK
  Applying auth.0011_update_proxy_permissions...
 OK
  Applying auth.0012_alter_user_first_name_max_length...
 OK
  Applying accounts.0001_initial...
 OK
  Applying accounts.0002_alter_guardianship_guardian_and_more...
 OK
  Applying accounts.0003_alter_user_username...
 OK
  Applying schools.0002_invitation...
 OK
  Applying accounts.0004_transferrequest...
 OK
  Applying accounts.0005_rename_answered_at_transferrequest_resolved_at_and_more...
 OK
  Applying accounts.0006_signinattempts...
 OK
  Applying accounts.0007_alter_membership_role...
 OK
  Applying admin.0001_initial...
 OK
  Applying admin.0002_logentry_remove_auto_add...
 OK
  Applying admin.0003_logentry_add_action_flag_choices...
 OK
  Applying fees.0001_initial...
 OK
  Applying fees.0002_ledger_is_append_only...
 OK
  Applying results.0001_initial...
 OK
  Applying results.0002_transitions_are_append_only...
 OK
  Applying results.0003_a_released_sheet_stays_released...
 OK
  Applying results.0004_transition_ordering_index_and_blank_reasons...
 OK
  Applying results.0005_conduct_and_skills_ratings...
 OK
  Applying gradebook.0001_initial...
 OK
  Applying gradebook.0002_a_released_mark_stays_released...
 OK
  Applying results.0006_seed_traits_and_scale...
 OK
  Applying results.0007_a_released_card_stays_released...
 OK
  Applying results.0008_report_card_comments...
 OK
  Applying results.0009_a_released_remark_stays_released...
 OK
  Applying results.0010_a_released_remark_outlives_a_class_move...
 OK
  Applying results.0011_a_released_rating_outlives_a_class_move...
 OK
  Applying results.0012_three_term_view_and_promotion...
 OK
  Applying results.0013_a_session_line_and_a_decision_are_append_only...
 OK
  Applying results.0014_a_term_weighted_nothing_is_still_a_term...
 OK
  Applying results.0015_grade_bands...
 OK
  Applying results.0016_the_report_card_snapshot...
 OK
  Applying results.0017_every_frozen_row_hangs_off_a_card...
 OK
  Applying results.0018_a_frozen_card_is_append_only...
 OK
  Applying results.0019_a_card_can_be_reissued...
 OK
  Applying results.0020_no_index_is_built_twice...
 OK
  Applying results.0021_the_rendered_card...
 OK
  Applying results.0022_a_card_owes_a_file_from_the_moment_it_is_released...
 OK
  Applying sessions.0001_initial...
 OK
.=== Starting migration
Operations to perform:
  Apply all migrations: academics, accounts, admin, auth, contenttypes, fees, gradebook, results, schools, sessions
Running migrations:
  Applying academics.0001_initial...
 OK
  Applying academics.0002_term_next_term_starts_on_term_school_days_and_more...
 OK
  Applying academics.0003_classgroup_classplacement...
 OK
  Applying academics.0004_classteacher...
 OK
  Applying schools.0001_initial...
 OK
  Applying contenttypes.0001_initial...
 OK
  Applying contenttypes.0002_remove_content_type_name...
 OK
  Applying auth.0001_initial...
 OK
  Applying auth.0002_alter_permission_name_max_length...
 OK
  Applying auth.0003_alter_user_email_max_length...
 OK
  Applying auth.0004_alter_user_username_opts...
 OK
  Applying auth.0005_alter_user_last_login_null...
 OK
  Applying auth.0006_require_contenttypes_0002...
 OK
  Applying auth.0007_alter_validators_add_error_messages...
 OK
  Applying auth.0008_alter_user_username_max_length...
 OK
  Applying auth.0009_alter_user_last_name_max_length...
 OK
  Applying auth.0010_alter_group_name_max_length...
 OK
  Applying auth.0011_update_proxy_permissions...
 OK
  Applying auth.0012_alter_user_first_name_max_length...
 OK
  Applying accounts.0001_initial...
 OK
  Applying accounts.0002_alter_guardianship_guardian_and_more...
 OK
  Applying accounts.0003_alter_user_username...
 OK
  Applying schools.0002_invitation...
 OK
  Applying accounts.0004_transferrequest...
 OK
  Applying accounts.0005_rename_answered_at_transferrequest_resolved_at_and_more...
 OK
  Applying accounts.0006_signinattempts...
 OK
  Applying accounts.0007_alter_membership_role...
 OK
  Applying admin.0001_initial...
 OK
  Applying admin.0002_logentry_remove_auto_add...
 OK
  Applying admin.0003_logentry_add_action_flag_choices...
 OK
  Applying fees.0001_initial...
 OK
  Applying fees.0002_ledger_is_append_only...
 OK
  Applying results.0001_initial...
 OK
  Applying results.0002_transitions_are_append_only...
 OK
  Applying results.0003_a_released_sheet_stays_released...
 OK
  Applying results.0004_transition_ordering_index_and_blank_reasons...
 OK
  Applying results.0005_conduct_and_skills_ratings...
 OK
  Applying gradebook.0001_initial...
 OK
  Applying gradebook.0002_a_released_mark_stays_released...
 OK
  Applying results.0006_seed_traits_and_scale...
 OK
  Applying results.0007_a_released_card_stays_released...
 OK
  Applying results.0008_report_card_comments...
 OK
  Applying results.0009_a_released_remark_stays_released...
 OK
  Applying results.0010_a_released_remark_outlives_a_class_move...
 OK
  Applying results.0011_a_released_rating_outlives_a_class_move...
 OK
  Applying results.0012_three_term_view_and_promotion...
 OK
  Applying results.0013_a_session_line_and_a_decision_are_append_only...
 OK
  Applying results.0014_a_term_weighted_nothing_is_still_a_term...
 OK
  Applying results.0015_grade_bands...
 OK
  Applying results.0016_the_report_card_snapshot...
 OK
  Applying results.0017_every_frozen_row_hangs_off_a_card...
 OK
  Applying results.0018_a_frozen_card_is_append_only...
 OK
  Applying results.0019_a_card_can_be_reissued...
 OK
  Applying results.0020_no_index_is_built_twice...
 OK
  Applying results.0021_the_rendered_card...
 OK
  Applying results.0022_a_card_owes_a_file_from_the_moment_it_is_released...
 OK
  Applying sessions.0001_initial...
 OK
=== Starting migration
Operations to perform:
  Apply all migrations: academics, accounts, admin, auth, contenttypes, fees, gradebook, results, schools, sessions
Running migrations:
  Applying academics.0001_initial...
 OK
  Applying academics.0002_term_next_term_starts_on_term_school_days_and_more...
 OK
  Applying academics.0003_classgroup_classplacement...
 OK
  Applying academics.0004_classteacher...
 OK
  Applying schools.0001_initial...
 OK
  Applying contenttypes.0001_initial...
 OK
  Applying contenttypes.0002_remove_content_type_name...
 OK
  Applying auth.0001_initial...
 OK
  Applying auth.0002_alter_permission_name_max_length...
 OK
  Applying auth.0003_alter_user_email_max_length...
 OK
  Applying auth.0004_alter_user_username_opts...
 OK
  Applying auth.0005_alter_user_last_login_null...
 OK
  Applying auth.0006_require_contenttypes_0002...
 OK
  Applying auth.0007_alter_validators_add_error_messages...
 OK
  Applying auth.0008_alter_user_username_max_length...
 OK
  Applying auth.0009_alter_user_last_name_max_length...
 OK
  Applying auth.0010_alter_group_name_max_length...
 OK
  Applying auth.0011_update_proxy_permissions...
 OK
  Applying auth.0012_alter_user_first_name_max_length...
 OK
  Applying accounts.0001_initial...
 OK
  Applying accounts.0002_alter_guardianship_guardian_and_more...
 OK
  Applying accounts.0003_alter_user_username...
 OK
  Applying schools.0002_invitation...
 OK
  Applying accounts.0004_transferrequest...
 OK
  Applying accounts.0005_rename_answered_at_transferrequest_resolved_at_and_more...
 OK
  Applying accounts.0006_signinattempts...
 OK
  Applying accounts.0007_alter_membership_role...
 OK
  Applying admin.0001_initial...
 OK
  Applying admin.0002_logentry_remove_auto_add...
 OK
  Applying admin.0003_logentry_add_action_flag_choices...
 OK
  Applying fees.0001_initial...
 OK
  Applying fees.0002_ledger_is_append_only...
 OK
  Applying results.0001_initial...
 OK
  Applying results.0002_transitions_are_append_only...
 OK
  Applying results.0003_a_released_sheet_stays_released...
 OK
  Applying results.0004_transition_ordering_index_and_blank_reasons...
 OK
  Applying results.0005_conduct_and_skills_ratings...
 OK
  Applying gradebook.0001_initial...
 OK
  Applying gradebook.0002_a_released_mark_stays_released...
 OK
  Applying results.0006_seed_traits_and_scale...
 OK
  Applying results.0007_a_released_card_stays_released...
 OK
  Applying results.0008_report_card_comments...
 OK
  Applying results.0009_a_released_remark_stays_released...
 OK
  Applying results.0010_a_released_remark_outlives_a_class_move...
 OK
  Applying results.0011_a_released_rating_outlives_a_class_move...
 OK
  Applying results.0012_three_term_view_and_promotion...
 OK
  Applying results.0013_a_session_line_and_a_decision_are_append_only...
 OK
  Applying results.0014_a_term_weighted_nothing_is_still_a_term...
 OK
  Applying results.0015_grade_bands...
 OK
  Applying results.0016_the_report_card_snapshot...
 OK
  Applying results.0017_every_frozen_row_hangs_off_a_card...
 OK
  Applying results.0018_a_frozen_card_is_append_only...
 OK
  Applying results.0019_a_card_can_be_reissued...
 OK
  Applying results.0020_no_index_is_built_twice...
 OK
  Applying results.0021_the_rendered_card...
 OK
  Applying results.0022_a_card_owes_a_file_from_the_moment_it_is_released...
 OK
  Applying sessions.0001_initial...
 OK
.=== Starting migration
Operations to perform:
  Apply all migrations: academics, accounts, admin, auth, contenttypes, fees, gradebook, results, schools, sessions
Running migrations:
  Applying academics.0001_initial...
 OK
  Applying academics.0002_term_next_term_starts_on_term_school_days_and_more...
 OK
  Applying academics.0003_classgroup_classplacement...
 OK
  Applying academics.0004_classteacher...
 OK
  Applying schools.0001_initial...
 OK
  Applying contenttypes.0001_initial...
 OK
  Applying contenttypes.0002_remove_content_type_name...
 OK
  Applying auth.0001_initial...
 OK
  Applying auth.0002_alter_permission_name_max_length...
 OK
  Applying auth.0003_alter_user_email_max_length...
 OK
  Applying auth.0004_alter_user_username_opts...
 OK
  Applying auth.0005_alter_user_last_login_null...
 OK
  Applying auth.0006_require_contenttypes_0002...
 OK
  Applying auth.0007_alter_validators_add_error_messages...
 OK
  Applying auth.0008_alter_user_username_max_length...
 OK
  Applying auth.0009_alter_user_last_name_max_length...
 OK
  Applying auth.0010_alter_group_name_max_length...
 OK
  Applying auth.0011_update_proxy_permissions...
 OK
  Applying auth.0012_alter_user_first_name_max_length...
 OK
  Applying accounts.0001_initial...
 OK
  Applying accounts.0002_alter_guardianship_guardian_and_more...
 OK
  Applying accounts.0003_alter_user_username...
 OK
  Applying schools.0002_invitation...
 OK
  Applying accounts.0004_transferrequest...
 OK
  Applying accounts.0005_rename_answered_at_transferrequest_resolved_at_and_more...
 OK
  Applying accounts.0006_signinattempts...
 OK
  Applying accounts.0007_alter_membership_role...
 OK
  Applying admin.0001_initial...
 OK
  Applying admin.0002_logentry_remove_auto_add...
 OK
  Applying admin.0003_logentry_add_action_flag_choices...
 OK
  Applying fees.0001_initial...
 OK
  Applying fees.0002_ledger_is_append_only...
 OK
  Applying results.0001_initial...
 OK
  Applying results.0002_transitions_are_append_only...
 OK
  Applying results.0003_a_released_sheet_stays_released...
 OK
  Applying results.0004_transition_ordering_index_and_blank_reasons...
 OK
  Applying results.0005_conduct_and_skills_ratings...
 OK
  Applying gradebook.0001_initial...
 OK
  Applying gradebook.0002_a_released_mark_stays_released...
 OK
  Applying results.0006_seed_traits_and_scale...
 OK
  Applying results.0007_a_released_card_stays_released...
 OK
  Applying results.0008_report_card_comments...
 OK
  Applying results.0009_a_released_remark_stays_released...
 OK
  Applying results.0010_a_released_remark_outlives_a_class_move...
 OK
  Applying results.0011_a_released_rating_outlives_a_class_move...
 OK
  Applying results.0012_three_term_view_and_promotion...
 OK
  Applying results.0013_a_session_line_and_a_decision_are_append_only...
 OK
  Applying results.0014_a_term_weighted_nothing_is_still_a_term...
 OK
  Applying results.0015_grade_bands...
 OK
  Applying results.0016_the_report_card_snapshot...
 OK
  Applying results.0017_every_frozen_row_hangs_off_a_card...
 OK
  Applying results.0018_a_frozen_card_is_append_only...
 OK
  Applying results.0019_a_card_can_be_reissued...
 OK
  Applying results.0020_no_index_is_built_twice...
 OK
  Applying results.0021_the_rendered_card...
 OK
  Applying results.0022_a_card_owes_a_file_from_the_moment_it_is_released...
 OK
  Applying sessions.0001_initial...
 OK
=== Starting migration
Operations to perform:
  Apply all migrations: academics, accounts, admin, auth, contenttypes, fees, gradebook, results, schools, sessions
Running migrations:
  Applying academics.0001_initial...
 OK
  Applying academics.0002_term_next_term_starts_on_term_school_days_and_more...
 OK
  Applying academics.0003_classgroup_classplacement...
 OK
  Applying academics.0004_classteacher...
 OK
  Applying schools.0001_initial...
 OK
  Applying contenttypes.0001_initial...
 OK
  Applying contenttypes.0002_remove_content_type_name...
 OK
  Applying auth.0001_initial...
 OK
  Applying auth.0002_alter_permission_name_max_length...
 OK
  Applying auth.0003_alter_user_email_max_length...
 OK
  Applying auth.0004_alter_user_username_opts...
 OK
  Applying auth.0005_alter_user_last_login_null...
 OK
  Applying auth.0006_require_contenttypes_0002...
 OK
  Applying auth.0007_alter_validators_add_error_messages...
 OK
  Applying auth.0008_alter_user_username_max_length...
 OK
  Applying auth.0009_alter_user_last_name_max_length...
 OK
  Applying auth.0010_alter_group_name_max_length...
 OK
  Applying auth.0011_update_proxy_permissions...
 OK
  Applying auth.0012_alter_user_first_name_max_length...
 OK
  Applying accounts.0001_initial...
 OK
  Applying accounts.0002_alter_guardianship_guardian_and_more...
 OK
  Applying accounts.0003_alter_user_username...
 OK
  Applying schools.0002_invitation...
 OK
  Applying accounts.0004_transferrequest...
 OK
  Applying accounts.0005_rename_answered_at_transferrequest_resolved_at_and_more...
 OK
  Applying accounts.0006_signinattempts...
 OK
  Applying accounts.0007_alter_membership_role...
 OK
  Applying admin.0001_initial...
 OK
  Applying admin.0002_logentry_remove_auto_add...
 OK
  Applying admin.0003_logentry_add_action_flag_choices...
 OK
  Applying fees.0001_initial...
 OK
  Applying fees.0002_ledger_is_append_only...
 OK
  Applying results.0001_initial...
 OK
  Applying results.0002_transitions_are_append_only...
 OK
  Applying results.0003_a_released_sheet_stays_released...
 OK
  Applying results.0004_transition_ordering_index_and_blank_reasons...
 OK
  Applying results.0005_conduct_and_skills_ratings...
 OK
  Applying gradebook.0001_initial...
 OK
  Applying gradebook.0002_a_released_mark_stays_released...
 OK
  Applying results.0006_seed_traits_and_scale...
 OK
  Applying results.0007_a_released_card_stays_released...
 OK
  Applying results.0008_report_card_comments...
 OK
  Applying results.0009_a_released_remark_stays_released...
 OK
  Applying results.0010_a_released_remark_outlives_a_class_move...
 OK
  Applying results.0011_a_released_rating_outlives_a_class_move...
 OK
  Applying results.0012_three_term_view_and_promotion...
 OK
  Applying results.0013_a_session_line_and_a_decision_are_append_only...
 OK
  Applying results.0014_a_term_weighted_nothing_is_still_a_term...
 OK
  Applying results.0015_grade_bands...
 OK
  Applying results.0016_the_report_card_snapshot...
 OK
  Applying results.0017_every_frozen_row_hangs_off_a_card...
 OK
  Applying results.0018_a_frozen_card_is_append_only...
 OK
  Applying results.0019_a_card_can_be_reissued...
 OK
  Applying results.0020_no_index_is_built_twice...
 OK
  Applying results.0021_the_rendered_card...
 OK
  Applying results.0022_a_card_owes_a_file_from_the_moment_it_is_released...
 OK
  Applying sessions.0001_initial...
 OK
.=== Starting migration
Operations to perform:
  Apply all migrations: academics, accounts, admin, auth, contenttypes, fees, gradebook, results, schools, sessions
Running migrations:
  Applying academics.0001_initial...
 OK
  Applying academics.0002_term_next_term_starts_on_term_school_days_and_more...
 OK
  Applying academics.0003_classgroup_classplacement...
 OK
  Applying academics.0004_classteacher...
 OK
  Applying schools.0001_initial...
 OK
  Applying contenttypes.0001_initial...
 OK
  Applying contenttypes.0002_remove_content_type_name...
 OK
  Applying auth.0001_initial...
 OK
  Applying auth.0002_alter_permission_name_max_length...
 OK
  Applying auth.0003_alter_user_email_max_length...
 OK
  Applying auth.0004_alter_user_username_opts...
 OK
  Applying auth.0005_alter_user_last_login_null...
 OK
  Applying auth.0006_require_contenttypes_0002...
 OK
  Applying auth.0007_alter_validators_add_error_messages...
 OK
  Applying auth.0008_alter_user_username_max_length...
 OK
  Applying auth.0009_alter_user_last_name_max_length...
 OK
  Applying auth.0010_alter_group_name_max_length...
 OK
  Applying auth.0011_update_proxy_permissions...
 OK
  Applying auth.0012_alter_user_first_name_max_length...
 OK
  Applying accounts.0001_initial...
 OK
  Applying accounts.0002_alter_guardianship_guardian_and_more...
 OK
  Applying accounts.0003_alter_user_username...
 OK
  Applying schools.0002_invitation...
 OK
  Applying accounts.0004_transferrequest...
 OK
  Applying accounts.0005_rename_answered_at_transferrequest_resolved_at_and_more...
 OK
  Applying accounts.0006_signinattempts...
 OK
  Applying accounts.0007_alter_membership_role...
 OK
  Applying admin.0001_initial...
 OK
  Applying admin.0002_logentry_remove_auto_add...
 OK
  Applying admin.0003_logentry_add_action_flag_choices...
 OK
  Applying fees.0001_initial...
 OK
  Applying fees.0002_ledger_is_append_only...
 OK
  Applying results.0001_initial...
 OK
  Applying results.0002_transitions_are_append_only...
 OK
  Applying results.0003_a_released_sheet_stays_released...
 OK
  Applying results.0004_transition_ordering_index_and_blank_reasons...
 OK
  Applying results.0005_conduct_and_skills_ratings...
 OK
  Applying gradebook.0001_initial...
 OK
  Applying gradebook.0002_a_released_mark_stays_released...
 OK
  Applying results.0006_seed_traits_and_scale...
 OK
  Applying results.0007_a_released_card_stays_released...
 OK
  Applying results.0008_report_card_comments...
 OK
  Applying results.0009_a_released_remark_stays_released...
 OK
  Applying results.0010_a_released_remark_outlives_a_class_move...
 OK
  Applying results.0011_a_released_rating_outlives_a_class_move...
 OK
  Applying results.0012_three_term_view_and_promotion...
 OK
  Applying results.0013_a_session_line_and_a_decision_are_append_only...
 OK
  Applying results.0014_a_term_weighted_nothing_is_still_a_term...
 OK
  Applying results.0015_grade_bands...
 OK
  Applying results.0016_the_report_card_snapshot...
 OK
  Applying results.0017_every_frozen_row_hangs_off_a_card...
 OK
  Applying results.0018_a_frozen_card_is_append_only...
 OK
  Applying results.0019_a_card_can_be_reissued...
 OK
  Applying results.0020_no_index_is_built_twice...
 OK
  Applying results.0021_the_rendered_card...
 OK
  Applying results.0022_a_card_owes_a_file_from_the_moment_it_is_released...
 OK
  Applying sessions.0001_initial...
 OK
=== Starting migration
Operations to perform:
  Apply all migrations: academics, accounts, admin, auth, contenttypes, fees, gradebook, results, schools, sessions
Running migrations:
  Applying academics.0001_initial...
 OK
  Applying academics.0002_term_next_term_starts_on_term_school_days_and_more...
 OK
  Applying academics.0003_classgroup_classplacement...
 OK
  Applying academics.0004_classteacher...
 OK
  Applying schools.0001_initial...
 OK
  Applying contenttypes.0001_initial...
 OK
  Applying contenttypes.0002_remove_content_type_name...
 OK
  Applying auth.0001_initial...
 OK
  Applying auth.0002_alter_permission_name_max_length...
 OK
  Applying auth.0003_alter_user_email_max_length...
 OK
  Applying auth.0004_alter_user_username_opts...
 OK
  Applying auth.0005_alter_user_last_login_null...
 OK
  Applying auth.0006_require_contenttypes_0002...
 OK
  Applying auth.0007_alter_validators_add_error_messages...
 OK
  Applying auth.0008_alter_user_username_max_length...
 OK
  Applying auth.0009_alter_user_last_name_max_length...
 OK
  Applying auth.0010_alter_group_name_max_length...
 OK
  Applying auth.0011_update_proxy_permissions...
 OK
  Applying auth.0012_alter_user_first_name_max_length...
 OK
  Applying accounts.0001_initial...
 OK
  Applying accounts.0002_alter_guardianship_guardian_and_more...
 OK
  Applying accounts.0003_alter_user_username...
 OK
  Applying schools.0002_invitation...
 OK
  Applying accounts.0004_transferrequest...
 OK
  Applying accounts.0005_rename_answered_at_transferrequest_resolved_at_and_more...
 OK
  Applying accounts.0006_signinattempts...
 OK
  Applying accounts.0007_alter_membership_role...
 OK
  Applying admin.0001_initial...
 OK
  Applying admin.0002_logentry_remove_auto_add...
 OK
  Applying admin.0003_logentry_add_action_flag_choices...
 OK
  Applying fees.0001_initial...
 OK
  Applying fees.0002_ledger_is_append_only...
 OK
  Applying results.0001_initial...
 OK
  Applying results.0002_transitions_are_append_only...
 OK
  Applying results.0003_a_released_sheet_stays_released...
 OK
  Applying results.0004_transition_ordering_index_and_blank_reasons...
 OK
  Applying results.0005_conduct_and_skills_ratings...
 OK
  Applying gradebook.0001_initial...
 OK
  Applying gradebook.0002_a_released_mark_stays_released...
 OK
  Applying results.0006_seed_traits_and_scale...
 OK
  Applying results.0007_a_released_card_stays_released...
 OK
  Applying results.0008_report_card_comments...
 OK
  Applying results.0009_a_released_remark_stays_released...
 OK
  Applying results.0010_a_released_remark_outlives_a_class_move...
 OK
  Applying results.0011_a_released_rating_outlives_a_class_move...
 OK
  Applying results.0012_three_term_view_and_promotion...
 OK
  Applying results.0013_a_session_line_and_a_decision_are_append_only...
 OK
  Applying results.0014_a_term_weighted_nothing_is_still_a_term...
 OK
  Applying results.0015_grade_bands...
 OK
  Applying results.0016_the_report_card_snapshot...
 OK
  Applying results.0017_every_frozen_row_hangs_off_a_card...
 OK
  Applying results.0018_a_frozen_card_is_append_only...
 OK
  Applying results.0019_a_card_can_be_reissued...
 OK
  Applying results.0020_no_index_is_built_twice...
 OK
  Applying results.0021_the_rendered_card...
 OK
  Applying results.0022_a_card_owes_a_file_from_the_moment_it_is_released...
 OK
  Applying sessions.0001_initial...
 OK
.=== Starting migration
Operations to perform:
  Apply all migrations: academics, accounts, admin, auth, contenttypes, fees, gradebook, results, schools, sessions
Running migrations:
  Applying academics.0001_initial...
 OK
  Applying academics.0002_term_next_term_starts_on_term_school_days_and_more...
 OK
  Applying academics.0003_classgroup_classplacement...
 OK
  Applying academics.0004_classteacher...
 OK
  Applying schools.0001_initial...
 OK
  Applying contenttypes.0001_initial...
 OK
  Applying contenttypes.0002_remove_content_type_name...
 OK
  Applying auth.0001_initial...
 OK
  Applying auth.0002_alter_permission_name_max_length...
 OK
  Applying auth.0003_alter_user_email_max_length...
 OK
  Applying auth.0004_alter_user_username_opts...
 OK
  Applying auth.0005_alter_user_last_login_null...
 OK
  Applying auth.0006_require_contenttypes_0002...
 OK
  Applying auth.0007_alter_validators_add_error_messages...
 OK
  Applying auth.0008_alter_user_username_max_length...
 OK
  Applying auth.0009_alter_user_last_name_max_length...
 OK
  Applying auth.0010_alter_group_name_max_length...
 OK
  Applying auth.0011_update_proxy_permissions...
 OK
  Applying auth.0012_alter_user_first_name_max_length...
 OK
  Applying accounts.0001_initial...
 OK
  Applying accounts.0002_alter_guardianship_guardian_and_more...
 OK
  Applying accounts.0003_alter_user_username...
 OK
  Applying schools.0002_invitation...
 OK
  Applying accounts.0004_transferrequest...
 OK
  Applying accounts.0005_rename_answered_at_transferrequest_resolved_at_and_more...
 OK
  Applying accounts.0006_signinattempts...
 OK
  Applying accounts.0007_alter_membership_role...
 OK
  Applying admin.0001_initial...
 OK
  Applying admin.0002_logentry_remove_auto_add...
 OK
  Applying admin.0003_logentry_add_action_flag_choices...
 OK
  Applying fees.0001_initial...
 OK
  Applying fees.0002_ledger_is_append_only...
 OK
  Applying results.0001_initial...
 OK
  Applying results.0002_transitions_are_append_only...
 OK
  Applying results.0003_a_released_sheet_stays_released...
 OK
  Applying results.0004_transition_ordering_index_and_blank_reasons...
 OK
  Applying results.0005_conduct_and_skills_ratings...
 OK
  Applying gradebook.0001_initial...
 OK
  Applying gradebook.0002_a_released_mark_stays_released...
 OK
  Applying results.0006_seed_traits_and_scale...
 OK
  Applying results.0007_a_released_card_stays_released...
 OK
  Applying results.0008_report_card_comments...
 OK
  Applying results.0009_a_released_remark_stays_released...
 OK
  Applying results.0010_a_released_remark_outlives_a_class_move...
 OK
  Applying results.0011_a_released_rating_outlives_a_class_move...
 OK
  Applying results.0012_three_term_view_and_promotion...
 OK
  Applying results.0013_a_session_line_and_a_decision_are_append_only...
 OK
  Applying results.0014_a_term_weighted_nothing_is_still_a_term...
 OK
  Applying results.0015_grade_bands...
 OK
  Applying results.0016_the_report_card_snapshot...
 OK
  Applying results.0017_every_frozen_row_hangs_off_a_card...
 OK
  Applying results.0018_a_frozen_card_is_append_only...
 OK
  Applying results.0019_a_card_can_be_reissued...
 OK
  Applying results.0020_no_index_is_built_twice...
 OK
  Applying results.0021_the_rendered_card...
 OK
  Applying results.0022_a_card_owes_a_file_from_the_moment_it_is_released...
 OK
  Applying sessions.0001_initial...
 OK
=== Starting migration
Operations to perform:
  Apply all migrations: academics, accounts, admin, auth, contenttypes, fees, gradebook, results, schools, sessions
Running migrations:
  Applying academics.0001_initial...
 OK
  Applying academics.0002_term_next_term_starts_on_term_school_days_and_more...
 OK
  Applying academics.0003_classgroup_classplacement...
 OK
  Applying academics.0004_classteacher...
 OK
  Applying schools.0001_initial...
 OK
  Applying contenttypes.0001_initial...
 OK
  Applying contenttypes.0002_remove_content_type_name...
 OK
  Applying auth.0001_initial...
 OK
  Applying auth.0002_alter_permission_name_max_length...
 OK
  Applying auth.0003_alter_user_email_max_length...
 OK
  Applying auth.0004_alter_user_username_opts...
 OK
  Applying auth.0005_alter_user_last_login_null...
 OK
  Applying auth.0006_require_contenttypes_0002...
 OK
  Applying auth.0007_alter_validators_add_error_messages...
 OK
  Applying auth.0008_alter_user_username_max_length...
 OK
  Applying auth.0009_alter_user_last_name_max_length...
 OK
  Applying auth.0010_alter_group_name_max_length...
 OK
  Applying auth.0011_update_proxy_permissions...
 OK
  Applying auth.0012_alter_user_first_name_max_length...
 OK
  Applying accounts.0001_initial...
 OK
  Applying accounts.0002_alter_guardianship_guardian_and_more...
 OK
  Applying accounts.0003_alter_user_username...
 OK
  Applying schools.0002_invitation...
 OK
  Applying accounts.0004_transferrequest...
 OK
  Applying accounts.0005_rename_answered_at_transferrequest_resolved_at_and_more...
 OK
  Applying accounts.0006_signinattempts...
 OK
  Applying accounts.0007_alter_membership_role...
 OK
  Applying admin.0001_initial...
 OK
  Applying admin.0002_logentry_remove_auto_add...
 OK
  Applying admin.0003_logentry_add_action_flag_choices...
 OK
  Applying fees.0001_initial...
 OK
  Applying fees.0002_ledger_is_append_only...
 OK
  Applying results.0001_initial...
 OK
  Applying results.0002_transitions_are_append_only...
 OK
  Applying results.0003_a_released_sheet_stays_released...
 OK
  Applying results.0004_transition_ordering_index_and_blank_reasons...
 OK
  Applying results.0005_conduct_and_skills_ratings...
 OK
  Applying gradebook.0001_initial...
 OK
  Applying gradebook.0002_a_released_mark_stays_released...
 OK
  Applying results.0006_seed_traits_and_scale...
 OK
  Applying results.0007_a_released_card_stays_released...
 OK
  Applying results.0008_report_card_comments...
 OK
  Applying results.0009_a_released_remark_stays_released...
 OK
  Applying results.0010_a_released_remark_outlives_a_class_move...
 OK
  Applying results.0011_a_released_rating_outlives_a_class_move...
 OK
  Applying results.0012_three_term_view_and_promotion...
 OK
  Applying results.0013_a_session_line_and_a_decision_are_append_only...
 OK
  Applying results.0014_a_term_weighted_nothing_is_still_a_term...
 OK
  Applying results.0015_grade_bands...
 OK
  Applying results.0016_the_report_card_snapshot...
 OK
  Applying results.0017_every_frozen_row_hangs_off_a_card...
 OK
  Applying results.0018_a_frozen_card_is_append_only...
 OK
  Applying results.0019_a_card_can_be_reissued...
 OK
  Applying results.0020_no_index_is_built_twice...
 OK
  Applying results.0021_the_rendered_card...
 OK
  Applying results.0022_a_card_owes_a_file_from_the_moment_it_is_released...
 OK
  Applying sessions.0001_initial...
 OK
.=== Starting migration
Operations to perform:
  Apply all migrations: academics, accounts, admin, auth, contenttypes, fees, gradebook, results, schools, sessions
Running migrations:
  Applying academics.0001_initial...
 OK
  Applying academics.0002_term_next_term_starts_on_term_school_days_and_more...
 OK
  Applying academics.0003_classgroup_classplacement...
 OK
  Applying academics.0004_classteacher...
 OK
  Applying schools.0001_initial...
 OK
  Applying contenttypes.0001_initial...
 OK
  Applying contenttypes.0002_remove_content_type_name...
 OK
  Applying auth.0001_initial...
 OK
  Applying auth.0002_alter_permission_name_max_length...
 OK
  Applying auth.0003_alter_user_email_max_length...
 OK
  Applying auth.0004_alter_user_username_opts...
 OK
  Applying auth.0005_alter_user_last_login_null...
 OK
  Applying auth.0006_require_contenttypes_0002...
 OK
  Applying auth.0007_alter_validators_add_error_messages...
 OK
  Applying auth.0008_alter_user_username_max_length...
 OK
  Applying auth.0009_alter_user_last_name_max_length...
 OK
  Applying auth.0010_alter_group_name_max_length...
 OK
  Applying auth.0011_update_proxy_permissions...
 OK
  Applying auth.0012_alter_user_first_name_max_length...
 OK
  Applying accounts.0001_initial...
 OK
  Applying accounts.0002_alter_guardianship_guardian_and_more...
 OK
  Applying accounts.0003_alter_user_username...
 OK
  Applying schools.0002_invitation...
 OK
  Applying accounts.0004_transferrequest...
 OK
  Applying accounts.0005_rename_answered_at_transferrequest_resolved_at_and_more...
 OK
  Applying accounts.0006_signinattempts...
 OK
  Applying accounts.0007_alter_membership_role...
 OK
  Applying admin.0001_initial...
 OK
  Applying admin.0002_logentry_remove_auto_add...
 OK
  Applying admin.0003_logentry_add_action_flag_choices...
 OK
  Applying fees.0001_initial...
 OK
  Applying fees.0002_ledger_is_append_only...
 OK
  Applying results.0001_initial...
 OK
  Applying results.0002_transitions_are_append_only...
 OK
  Applying results.0003_a_released_sheet_stays_released...
 OK
  Applying results.0004_transition_ordering_index_and_blank_reasons...
 OK
  Applying results.0005_conduct_and_skills_ratings...
 OK
  Applying gradebook.0001_initial...
 OK
  Applying gradebook.0002_a_released_mark_stays_released...
 OK
  Applying results.0006_seed_traits_and_scale...
 OK
  Applying results.0007_a_released_card_stays_released...
 OK
  Applying results.0008_report_card_comments...
 OK
  Applying results.0009_a_released_remark_stays_released...
 OK
  Applying results.0010_a_released_remark_outlives_a_class_move...
 OK
  Applying results.0011_a_released_rating_outlives_a_class_move...
 OK
  Applying results.0012_three_term_view_and_promotion...
 OK
  Applying results.0013_a_session_line_and_a_decision_are_append_only...
 OK
  Applying results.0014_a_term_weighted_nothing_is_still_a_term...
 OK
  Applying results.0015_grade_bands...
 OK
  Applying results.0016_the_report_card_snapshot...
 OK
  Applying results.0017_every_frozen_row_hangs_off_a_card...
 OK
  Applying results.0018_a_frozen_card_is_append_only...
 OK
  Applying results.0019_a_card_can_be_reissued...
 OK
  Applying results.0020_no_index_is_built_twice...
 OK
  Applying results.0021_the_rendered_card...
 OK
  Applying results.0022_a_card_owes_a_file_from_the_moment_it_is_released...
 OK
  Applying sessions.0001_initial...
 OK
=== Starting migration
Operations to perform:
  Apply all migrations: academics, accounts, admin, auth, contenttypes, fees, gradebook, results, schools, sessions
Running migrations:
  Applying academics.0001_initial...
 OK
  Applying academics.0002_term_next_term_starts_on_term_school_days_and_more...
 OK
  Applying academics.0003_classgroup_classplacement...
 OK
  Applying academics.0004_classteacher...
 OK
  Applying schools.0001_initial...
 OK
  Applying contenttypes.0001_initial...
 OK
  Applying contenttypes.0002_remove_content_type_name...
 OK
  Applying auth.0001_initial...
 OK
  Applying auth.0002_alter_permission_name_max_length...
 OK
  Applying auth.0003_alter_user_email_max_length...
 OK
  Applying auth.0004_alter_user_username_opts...
 OK
  Applying auth.0005_alter_user_last_login_null...
 OK
  Applying auth.0006_require_contenttypes_0002...
 OK
  Applying auth.0007_alter_validators_add_error_messages...
 OK
  Applying auth.0008_alter_user_username_max_length...
 OK
  Applying auth.0009_alter_user_last_name_max_length...
 OK
  Applying auth.0010_alter_group_name_max_length...
 OK
  Applying auth.0011_update_proxy_permissions...
 OK
  Applying auth.0012_alter_user_first_name_max_length...
 OK
  Applying accounts.0001_initial...
 OK
  Applying accounts.0002_alter_guardianship_guardian_and_more...
 OK
  Applying accounts.0003_alter_user_username...
 OK
  Applying schools.0002_invitation...
 OK
  Applying accounts.0004_transferrequest...
 OK
  Applying accounts.0005_rename_answered_at_transferrequest_resolved_at_and_more...
 OK
  Applying accounts.0006_signinattempts...
 OK
  Applying accounts.0007_alter_membership_role...
 OK
  Applying admin.0001_initial...
 OK
  Applying admin.0002_logentry_remove_auto_add...
 OK
  Applying admin.0003_logentry_add_action_flag_choices...
 OK
  Applying fees.0001_initial...
 OK
  Applying fees.0002_ledger_is_append_only...
 OK
  Applying results.0001_initial...
 OK
  Applying results.0002_transitions_are_append_only...
 OK
  Applying results.0003_a_released_sheet_stays_released...
 OK
  Applying results.0004_transition_ordering_index_and_blank_reasons...
 OK
  Applying results.0005_conduct_and_skills_ratings...
 OK
  Applying gradebook.0001_initial...
 OK
  Applying gradebook.0002_a_released_mark_stays_released...
 OK
  Applying results.0006_seed_traits_and_scale...
 OK
  Applying results.0007_a_released_card_stays_released...
 OK
  Applying results.0008_report_card_comments...
 OK
  Applying results.0009_a_released_remark_stays_released...
 OK
  Applying results.0010_a_released_remark_outlives_a_class_move...
 OK
  Applying results.0011_a_released_rating_outlives_a_class_move...
 OK
  Applying results.0012_three_term_view_and_promotion...
 OK
  Applying results.0013_a_session_line_and_a_decision_are_append_only...
 OK
  Applying results.0014_a_term_weighted_nothing_is_still_a_term...
 OK
  Applying results.0015_grade_bands...
 OK
  Applying results.0016_the_report_card_snapshot...
 OK
  Applying results.0017_every_frozen_row_hangs_off_a_card...
 OK
  Applying results.0018_a_frozen_card_is_append_only...
 OK
  Applying results.0019_a_card_can_be_reissued...
 OK
  Applying results.0020_no_index_is_built_twice...
 OK
  Applying results.0021_the_rendered_card...
 OK
  Applying results.0022_a_card_owes_a_file_from_the_moment_it_is_released...
 OK
  Applying sessions.0001_initial...
 OK
.=== Starting migration
Operations to perform:
  Apply all migrations: academics, accounts, admin, auth, contenttypes, fees, gradebook, results, schools, sessions
Running migrations:
  Applying academics.0001_initial...
 OK
  Applying academics.0002_term_next_term_starts_on_term_school_days_and_more...
 OK
  Applying academics.0003_classgroup_classplacement...
 OK
  Applying academics.0004_classteacher...
 OK
  Applying schools.0001_initial...
 OK
  Applying contenttypes.0001_initial...
 OK
  Applying contenttypes.0002_remove_content_type_name...
 OK
  Applying auth.0001_initial...
 OK
  Applying auth.0002_alter_permission_name_max_length...
 OK
  Applying auth.0003_alter_user_email_max_length...
 OK
  Applying auth.0004_alter_user_username_opts...
 OK
  Applying auth.0005_alter_user_last_login_null...
 OK
  Applying auth.0006_require_contenttypes_0002...
 OK
  Applying auth.0007_alter_validators_add_error_messages...
 OK
  Applying auth.0008_alter_user_username_max_length...
 OK
  Applying auth.0009_alter_user_last_name_max_length...
 OK
  Applying auth.0010_alter_group_name_max_length...
 OK
  Applying auth.0011_update_proxy_permissions...
 OK
  Applying auth.0012_alter_user_first_name_max_length...
 OK
  Applying accounts.0001_initial...
 OK
  Applying accounts.0002_alter_guardianship_guardian_and_more...
 OK
  Applying accounts.0003_alter_user_username...
 OK
  Applying schools.0002_invitation...
 OK
  Applying accounts.0004_transferrequest...
 OK
  Applying accounts.0005_rename_answered_at_transferrequest_resolved_at_and_more...
 OK
  Applying accounts.0006_signinattempts...
 OK
  Applying accounts.0007_alter_membership_role...
 OK
  Applying admin.0001_initial...
 OK
  Applying admin.0002_logentry_remove_auto_add...
 OK
  Applying admin.0003_logentry_add_action_flag_choices...
 OK
  Applying fees.0001_initial...
 OK
  Applying fees.0002_ledger_is_append_only...
 OK
  Applying results.0001_initial...
 OK
  Applying results.0002_transitions_are_append_only...
 OK
  Applying results.0003_a_released_sheet_stays_released...
 OK
  Applying results.0004_transition_ordering_index_and_blank_reasons...
 OK
  Applying results.0005_conduct_and_skills_ratings...
 OK
  Applying gradebook.0001_initial...
 OK
  Applying gradebook.0002_a_released_mark_stays_released...
 OK
  Applying results.0006_seed_traits_and_scale...
 OK
  Applying results.0007_a_released_card_stays_released...
 OK
  Applying results.0008_report_card_comments...
 OK
  Applying results.0009_a_released_remark_stays_released...
 OK
  Applying results.0010_a_released_remark_outlives_a_class_move...
 OK
  Applying results.0011_a_released_rating_outlives_a_class_move...
 OK
  Applying results.0012_three_term_view_and_promotion...
 OK
  Applying results.0013_a_session_line_and_a_decision_are_append_only...
 OK
  Applying results.0014_a_term_weighted_nothing_is_still_a_term...
 OK
  Applying results.0015_grade_bands...
 OK
  Applying results.0016_the_report_card_snapshot...
 OK
  Applying results.0017_every_frozen_row_hangs_off_a_card...
 OK
  Applying results.0018_a_frozen_card_is_append_only...
 OK
  Applying results.0019_a_card_can_be_reissued...
 OK
  Applying results.0020_no_index_is_built_twice...
 OK
  Applying results.0021_the_rendered_card...
 OK
  Applying results.0022_a_card_owes_a_file_from_the_moment_it_is_released...
 OK
  Applying sessions.0001_initial...
 OK
=== Starting migration
Operations to perform:
  Apply all migrations: academics, accounts, admin, auth, contenttypes, fees, gradebook, results, schools, sessions
Running migrations:
  Applying academics.0001_initial...
 OK
  Applying academics.0002_term_next_term_starts_on_term_school_days_and_more...
 OK
  Applying academics.0003_classgroup_classplacement...
 OK
  Applying academics.0004_classteacher...
 OK
  Applying schools.0001_initial...
 OK
  Applying contenttypes.0001_initial...
 OK
  Applying contenttypes.0002_remove_content_type_name...
 OK
  Applying auth.0001_initial...
 OK
  Applying auth.0002_alter_permission_name_max_length...
 OK
  Applying auth.0003_alter_user_email_max_length...
 OK
  Applying auth.0004_alter_user_username_opts...
 OK
  Applying auth.0005_alter_user_last_login_null...
 OK
  Applying auth.0006_require_contenttypes_0002...
 OK
  Applying auth.0007_alter_validators_add_error_messages...
 OK
  Applying auth.0008_alter_user_username_max_length...
 OK
  Applying auth.0009_alter_user_last_name_max_length...
 OK
  Applying auth.0010_alter_group_name_max_length...
 OK
  Applying auth.0011_update_proxy_permissions...
 OK
  Applying auth.0012_alter_user_first_name_max_length...
 OK
  Applying accounts.0001_initial...
 OK
  Applying accounts.0002_alter_guardianship_guardian_and_more...
 OK
  Applying accounts.0003_alter_user_username...
 OK
  Applying schools.0002_invitation...
 OK
  Applying accounts.0004_transferrequest...
 OK
  Applying accounts.0005_rename_answered_at_transferrequest_resolved_at_and_more...
 OK
  Applying accounts.0006_signinattempts...
 OK
  Applying accounts.0007_alter_membership_role...
 OK
  Applying admin.0001_initial...
 OK
  Applying admin.0002_logentry_remove_auto_add...
 OK
  Applying admin.0003_logentry_add_action_flag_choices...
 OK
  Applying fees.0001_initial...
 OK
  Applying fees.0002_ledger_is_append_only...
 OK
  Applying results.0001_initial...
 OK
  Applying results.0002_transitions_are_append_only...
 OK
  Applying results.0003_a_released_sheet_stays_released...
 OK
  Applying results.0004_transition_ordering_index_and_blank_reasons...
 OK
  Applying results.0005_conduct_and_skills_ratings...
 OK
  Applying gradebook.0001_initial...
 OK
  Applying gradebook.0002_a_released_mark_stays_released...
 OK
  Applying results.0006_seed_traits_and_scale...
 OK
  Applying results.0007_a_released_card_stays_released...
 OK
  Applying results.0008_report_card_comments...
 OK
  Applying results.0009_a_released_remark_stays_released...
 OK
  Applying results.0010_a_released_remark_outlives_a_class_move...
 OK
  Applying results.0011_a_released_rating_outlives_a_class_move...
 OK
  Applying results.0012_three_term_view_and_promotion...
 OK
  Applying results.0013_a_session_line_and_a_decision_are_append_only...
 OK
  Applying results.0014_a_term_weighted_nothing_is_still_a_term...
 OK
  Applying results.0015_grade_bands...
 OK
  Applying results.0016_the_report_card_snapshot...
 OK
  Applying results.0017_every_frozen_row_hangs_off_a_card...
 OK
  Applying results.0018_a_frozen_card_is_append_only...
 OK
  Applying results.0019_a_card_can_be_reissued...
 OK
  Applying results.0020_no_index_is_built_twice...
 OK
  Applying results.0021_the_rendered_card...
 OK
  Applying results.0022_a_card_owes_a_file_from_the_moment_it_is_released...
 OK
  Applying sessions.0001_initial...
 OK
.=== Starting migration
Operations to perform:
  Apply all migrations: academics, accounts, admin, auth, contenttypes, fees, gradebook, results, schools, sessions
Running migrations:
  Applying academics.0001_initial...
 OK
  Applying academics.0002_term_next_term_starts_on_term_school_days_and_more...
 OK
  Applying academics.0003_classgroup_classplacement...
 OK
  Applying academics.0004_classteacher...
 OK
  Applying schools.0001_initial...
 OK
  Applying contenttypes.0001_initial...
 OK
  Applying contenttypes.0002_remove_content_type_name...
 OK
  Applying auth.0001_initial...
 OK
  Applying auth.0002_alter_permission_name_max_length...
 OK
  Applying auth.0003_alter_user_email_max_length...
 OK
  Applying auth.0004_alter_user_username_opts...
 OK
  Applying auth.0005_alter_user_last_login_null...
 OK
  Applying auth.0006_require_contenttypes_0002...
 OK
  Applying auth.0007_alter_validators_add_error_messages...
 OK
  Applying auth.0008_alter_user_username_max_length...
 OK
  Applying auth.0009_alter_user_last_name_max_length...
 OK
  Applying auth.0010_alter_group_name_max_length...
 OK
  Applying auth.0011_update_proxy_permissions...
 OK
  Applying auth.0012_alter_user_first_name_max_length...
 OK
  Applying accounts.0001_initial...
 OK
  Applying accounts.0002_alter_guardianship_guardian_and_more...
 OK
  Applying accounts.0003_alter_user_username...
 OK
  Applying schools.0002_invitation...
 OK
  Applying accounts.0004_transferrequest...
 OK
  Applying accounts.0005_rename_answered_at_transferrequest_resolved_at_and_more...
 OK
  Applying accounts.0006_signinattempts...
 OK
  Applying accounts.0007_alter_membership_role...
 OK
  Applying admin.0001_initial...
 OK
  Applying admin.0002_logentry_remove_auto_add...
 OK
  Applying admin.0003_logentry_add_action_flag_choices...
 OK
  Applying fees.0001_initial...
 OK
  Applying fees.0002_ledger_is_append_only...
 OK
  Applying results.0001_initial...
 OK
  Applying results.0002_transitions_are_append_only...
 OK
  Applying results.0003_a_released_sheet_stays_released...
 OK
  Applying results.0004_transition_ordering_index_and_blank_reasons...
 OK
  Applying results.0005_conduct_and_skills_ratings...
 OK
  Applying gradebook.0001_initial...
 OK
  Applying gradebook.0002_a_released_mark_stays_released...
 OK
  Applying results.0006_seed_traits_and_scale...
 OK
  Applying results.0007_a_released_card_stays_released...
 OK
  Applying results.0008_report_card_comments...
 OK
  Applying results.0009_a_released_remark_stays_released...
 OK
  Applying results.0010_a_released_remark_outlives_a_class_move...
 OK
  Applying results.0011_a_released_rating_outlives_a_class_move...
 OK
  Applying results.0012_three_term_view_and_promotion...
 OK
  Applying results.0013_a_session_line_and_a_decision_are_append_only...
 OK
  Applying results.0014_a_term_weighted_nothing_is_still_a_term...
 OK
  Applying results.0015_grade_bands...
 OK
  Applying results.0016_the_report_card_snapshot...
 OK
  Applying results.0017_every_frozen_row_hangs_off_a_card...
 OK
  Applying results.0018_a_frozen_card_is_append_only...
 OK
  Applying results.0019_a_card_can_be_reissued...
 OK
  Applying results.0020_no_index_is_built_twice...
 OK
  Applying results.0021_the_rendered_card...
 OK
  Applying results.0022_a_card_owes_a_file_from_the_moment_it_is_released...
 OK
  Applying sessions.0001_initial...
 OK
=== Starting migration
Operations to perform:
  Apply all migrations: academics, accounts, admin, auth, contenttypes, fees, gradebook, results, schools, sessions
Running migrations:
  Applying academics.0001_initial...
 OK
  Applying academics.0002_term_next_term_starts_on_term_school_days_and_more...
 OK
  Applying academics.0003_classgroup_classplacement...
 OK
  Applying academics.0004_classteacher...
 OK
  Applying schools.0001_initial...
 OK
  Applying contenttypes.0001_initial...
 OK
  Applying contenttypes.0002_remove_content_type_name...
 OK
  Applying auth.0001_initial...
 OK
  Applying auth.0002_alter_permission_name_max_length...
 OK
  Applying auth.0003_alter_user_email_max_length...
 OK
  Applying auth.0004_alter_user_username_opts...
 OK
  Applying auth.0005_alter_user_last_login_null...
 OK
  Applying auth.0006_require_contenttypes_0002...
 OK
  Applying auth.0007_alter_validators_add_error_messages...
 OK
  Applying auth.0008_alter_user_username_max_length...
 OK
  Applying auth.0009_alter_user_last_name_max_length...
 OK
  Applying auth.0010_alter_group_name_max_length...
 OK
  Applying auth.0011_update_proxy_permissions...
 OK
  Applying auth.0012_alter_user_first_name_max_length...
 OK
  Applying accounts.0001_initial...
 OK
  Applying accounts.0002_alter_guardianship_guardian_and_more...
 OK
  Applying accounts.0003_alter_user_username...
 OK
  Applying schools.0002_invitation...
 OK
  Applying accounts.0004_transferrequest...
 OK
  Applying accounts.0005_rename_answered_at_transferrequest_resolved_at_and_more...
 OK
  Applying accounts.0006_signinattempts...
 OK
  Applying accounts.0007_alter_membership_role...
 OK
  Applying admin.0001_initial...
 OK
  Applying admin.0002_logentry_remove_auto_add...
 OK
  Applying admin.0003_logentry_add_action_flag_choices...
 OK
  Applying fees.0001_initial...
 OK
  Applying fees.0002_ledger_is_append_only...
 OK
  Applying results.0001_initial...
 OK
  Applying results.0002_transitions_are_append_only...
 OK
  Applying results.0003_a_released_sheet_stays_released...
 OK
  Applying results.0004_transition_ordering_index_and_blank_reasons...
 OK
  Applying results.0005_conduct_and_skills_ratings...
 OK
  Applying gradebook.0001_initial...
 OK
  Applying gradebook.0002_a_released_mark_stays_released...
 OK
  Applying results.0006_seed_traits_and_scale...
 OK
  Applying results.0007_a_released_card_stays_released...
 OK
  Applying results.0008_report_card_comments...
 OK
  Applying results.0009_a_released_remark_stays_released...
 OK
  Applying results.0010_a_released_remark_outlives_a_class_move...
 OK
  Applying results.0011_a_released_rating_outlives_a_class_move...
 OK
  Applying results.0012_three_term_view_and_promotion...
 OK
  Applying results.0013_a_session_line_and_a_decision_are_append_only...
 OK
  Applying results.0014_a_term_weighted_nothing_is_still_a_term...
 OK
  Applying results.0015_grade_bands...
 OK
  Applying results.0016_the_report_card_snapshot...
 OK
  Applying results.0017_every_frozen_row_hangs_off_a_card...
 OK
  Applying results.0018_a_frozen_card_is_append_only...
 OK
  Applying results.0019_a_card_can_be_reissued...
 OK
  Applying results.0020_no_index_is_built_twice...
 OK
  Applying results.0021_the_rendered_card...
 OK
  Applying results.0022_a_card_owes_a_file_from_the_moment_it_is_released...
 OK
  Applying sessions.0001_initial...
 OK
.=== Starting migration
Operations to perform:
  Apply all migrations: academics, accounts, admin, auth, contenttypes, fees, gradebook, results, schools, sessions
Running migrations:
  Applying academics.0001_initial...
 OK
  Applying academics.0002_term_next_term_starts_on_term_school_days_and_more...
 OK
  Applying academics.0003_classgroup_classplacement...
 OK
  Applying academics.0004_classteacher...
 OK
  Applying schools.0001_initial...
 OK
  Applying contenttypes.0001_initial...
 OK
  Applying contenttypes.0002_remove_content_type_name...
 OK
  Applying auth.0001_initial...
 OK
  Applying auth.0002_alter_permission_name_max_length...
 OK
  Applying auth.0003_alter_user_email_max_length...
 OK
  Applying auth.0004_alter_user_username_opts...
 OK
  Applying auth.0005_alter_user_last_login_null...
 OK
  Applying auth.0006_require_contenttypes_0002...
 OK
  Applying auth.0007_alter_validators_add_error_messages...
 OK
  Applying auth.0008_alter_user_username_max_length...
 OK
  Applying auth.0009_alter_user_last_name_max_length...
 OK
  Applying auth.0010_alter_group_name_max_length...
 OK
  Applying auth.0011_update_proxy_permissions...
 OK
  Applying auth.0012_alter_user_first_name_max_length...
 OK
  Applying accounts.0001_initial...
 OK
  Applying accounts.0002_alter_guardianship_guardian_and_more...
 OK
  Applying accounts.0003_alter_user_username...
 OK
  Applying schools.0002_invitation...
 OK
  Applying accounts.0004_transferrequest...
 OK
  Applying accounts.0005_rename_answered_at_transferrequest_resolved_at_and_more...
 OK
  Applying accounts.0006_signinattempts...
 OK
  Applying accounts.0007_alter_membership_role...
 OK
  Applying admin.0001_initial...
 OK
  Applying admin.0002_logentry_remove_auto_add...
 OK
  Applying admin.0003_logentry_add_action_flag_choices...
 OK
  Applying fees.0001_initial...
 OK
  Applying fees.0002_ledger_is_append_only...
 OK
  Applying results.0001_initial...
 OK
  Applying results.0002_transitions_are_append_only...
 OK
  Applying results.0003_a_released_sheet_stays_released...
 OK
  Applying results.0004_transition_ordering_index_and_blank_reasons...
 OK
  Applying results.0005_conduct_and_skills_ratings...
 OK
  Applying gradebook.0001_initial...
 OK
  Applying gradebook.0002_a_released_mark_stays_released...
 OK
  Applying results.0006_seed_traits_and_scale...
 OK
  Applying results.0007_a_released_card_stays_released...
 OK
  Applying results.0008_report_card_comments...
 OK
  Applying results.0009_a_released_remark_stays_released...
 OK
  Applying results.0010_a_released_remark_outlives_a_class_move...
 OK
  Applying results.0011_a_released_rating_outlives_a_class_move...
 OK
  Applying results.0012_three_term_view_and_promotion...
 OK
  Applying results.0013_a_session_line_and_a_decision_are_append_only...
 OK
  Applying results.0014_a_term_weighted_nothing_is_still_a_term...
 OK
  Applying results.0015_grade_bands...
 OK
  Applying results.0016_the_report_card_snapshot...
 OK
  Applying results.0017_every_frozen_row_hangs_off_a_card...
 OK
  Applying results.0018_a_frozen_card_is_append_only...
 OK
  Applying results.0019_a_card_can_be_reissued...
 OK
  Applying results.0020_no_index_is_built_twice...
 OK
  Applying results.0021_the_rendered_card...
 OK
  Applying results.0022_a_card_owes_a_file_from_the_moment_it_is_released...
 OK
  Applying sessions.0001_initial...
 OK
=== Starting migration
Operations to perform:
  Apply all migrations: academics, accounts, admin, auth, contenttypes, fees, gradebook, results, schools, sessions
Running migrations:
  Applying academics.0001_initial...
 OK
  Applying academics.0002_term_next_term_starts_on_term_school_days_and_more...
 OK
  Applying academics.0003_classgroup_classplacement...
 OK
  Applying academics.0004_classteacher...
 OK
  Applying schools.0001_initial...
 OK
  Applying contenttypes.0001_initial...
 OK
  Applying contenttypes.0002_remove_content_type_name...
 OK
  Applying auth.0001_initial...
 OK
  Applying auth.0002_alter_permission_name_max_length...
 OK
  Applying auth.0003_alter_user_email_max_length...
 OK
  Applying auth.0004_alter_user_username_opts...
 OK
  Applying auth.0005_alter_user_last_login_null...
 OK
  Applying auth.0006_require_contenttypes_0002...
 OK
  Applying auth.0007_alter_validators_add_error_messages...
 OK
  Applying auth.0008_alter_user_username_max_length...
 OK
  Applying auth.0009_alter_user_last_name_max_length...
 OK
  Applying auth.0010_alter_group_name_max_length...
 OK
  Applying auth.0011_update_proxy_permissions...
 OK
  Applying auth.0012_alter_user_first_name_max_length...
 OK
  Applying accounts.0001_initial...
 OK
  Applying accounts.0002_alter_guardianship_guardian_and_more...
 OK
  Applying accounts.0003_alter_user_username...
 OK
  Applying schools.0002_invitation...
 OK
  Applying accounts.0004_transferrequest...
 OK
  Applying accounts.0005_rename_answered_at_transferrequest_resolved_at_and_more...
 OK
  Applying accounts.0006_signinattempts...
 OK
  Applying accounts.0007_alter_membership_role...
 OK
  Applying admin.0001_initial...
 OK
  Applying admin.0002_logentry_remove_auto_add...
 OK
  Applying admin.0003_logentry_add_action_flag_choices...
 OK
  Applying fees.0001_initial...
 OK
  Applying fees.0002_ledger_is_append_only...
 OK
  Applying results.0001_initial...
 OK
  Applying results.0002_transitions_are_append_only...
 OK
  Applying results.0003_a_released_sheet_stays_released...
 OK
  Applying results.0004_transition_ordering_index_and_blank_reasons...
 OK
  Applying results.0005_conduct_and_skills_ratings...
 OK
  Applying gradebook.0001_initial...
 OK
  Applying gradebook.0002_a_released_mark_stays_released...
 OK
  Applying results.0006_seed_traits_and_scale...
 OK
  Applying results.0007_a_released_card_stays_released...
 OK
  Applying results.0008_report_card_comments...
 OK
  Applying results.0009_a_released_remark_stays_released...
 OK
  Applying results.0010_a_released_remark_outlives_a_class_move...
 OK
  Applying results.0011_a_released_rating_outlives_a_class_move...
 OK
  Applying results.0012_three_term_view_and_promotion...
 OK
  Applying results.0013_a_session_line_and_a_decision_are_append_only...
 OK
  Applying results.0014_a_term_weighted_nothing_is_still_a_term...
 OK
  Applying results.0015_grade_bands...
 OK
  Applying results.0016_the_report_card_snapshot...
 OK
  Applying results.0017_every_frozen_row_hangs_off_a_card...
 OK
  Applying results.0018_a_frozen_card_is_append_only...
 OK
  Applying results.0019_a_card_can_be_reissued...
 OK
  Applying results.0020_no_index_is_built_twice...
 OK
  Applying results.0021_the_rendered_card...
 OK
  Applying results.0022_a_card_owes_a_file_from_the_moment_it_is_released...
 OK
  Applying sessions.0001_initial...
 OK
.=== Starting migration
Operations to perform:
  Apply all migrations: academics, accounts, admin, auth, contenttypes, fees, gradebook, results, schools, sessions
Running migrations:
  Applying academics.0001_initial...
 OK
  Applying academics.0002_term_next_term_starts_on_term_school_days_and_more...
 OK
  Applying academics.0003_classgroup_classplacement...
 OK
  Applying academics.0004_classteacher...
 OK
  Applying schools.0001_initial...
 OK
  Applying contenttypes.0001_initial...
 OK
  Applying contenttypes.0002_remove_content_type_name...
 OK
  Applying auth.0001_initial...
 OK
  Applying auth.0002_alter_permission_name_max_length...
 OK
  Applying auth.0003_alter_user_email_max_length...
 OK
  Applying auth.0004_alter_user_username_opts...
 OK
  Applying auth.0005_alter_user_last_login_null...
 OK
  Applying auth.0006_require_contenttypes_0002...
 OK
  Applying auth.0007_alter_validators_add_error_messages...
 OK
  Applying auth.0008_alter_user_username_max_length...
 OK
  Applying auth.0009_alter_user_last_name_max_length...
 OK
  Applying auth.0010_alter_group_name_max_length...
 OK
  Applying auth.0011_update_proxy_permissions...
 OK
  Applying auth.0012_alter_user_first_name_max_length...
 OK
  Applying accounts.0001_initial...
 OK
  Applying accounts.0002_alter_guardianship_guardian_and_more...
 OK
  Applying accounts.0003_alter_user_username...
 OK
  Applying schools.0002_invitation...
 OK
  Applying accounts.0004_transferrequest...
 OK
  Applying accounts.0005_rename_answered_at_transferrequest_resolved_at_and_more...
 OK
  Applying accounts.0006_signinattempts...
 OK
  Applying accounts.0007_alter_membership_role...
 OK
  Applying admin.0001_initial...
 OK
  Applying admin.0002_logentry_remove_auto_add...
 OK
  Applying admin.0003_logentry_add_action_flag_choices...
 OK
  Applying fees.0001_initial...
 OK
  Applying fees.0002_ledger_is_append_only...
 OK
  Applying results.0001_initial...
 OK
  Applying results.0002_transitions_are_append_only...
 OK
  Applying results.0003_a_released_sheet_stays_released...
 OK
  Applying results.0004_transition_ordering_index_and_blank_reasons...
 OK
  Applying results.0005_conduct_and_skills_ratings...
 OK
  Applying gradebook.0001_initial...
 OK
  Applying gradebook.0002_a_released_mark_stays_released...
 OK
  Applying results.0006_seed_traits_and_scale...
 OK
  Applying results.0007_a_released_card_stays_released...
 OK
  Applying results.0008_report_card_comments...
 OK
  Applying results.0009_a_released_remark_stays_released...
 OK
  Applying results.0010_a_released_remark_outlives_a_class_move...
 OK
  Applying results.0011_a_released_rating_outlives_a_class_move...
 OK
  Applying results.0012_three_term_view_and_promotion...
 OK
  Applying results.0013_a_session_line_and_a_decision_are_append_only...
 OK
  Applying results.0014_a_term_weighted_nothing_is_still_a_term...
 OK
  Applying results.0015_grade_bands...
 OK
  Applying results.0016_the_report_card_snapshot...
 OK
  Applying results.0017_every_frozen_row_hangs_off_a_card...
 OK
  Applying results.0018_a_frozen_card_is_append_only...
 OK
  Applying results.0019_a_card_can_be_reissued...
 OK
  Applying results.0020_no_index_is_built_twice...
 OK
  Applying results.0021_the_rendered_card...
 OK
  Applying results.0022_a_card_owes_a_file_from_the_moment_it_is_released...
 OK
  Applying sessions.0001_initial...
 OK
=== Starting migration
Operations to perform:
  Apply all migrations: academics, accounts, admin, auth, contenttypes, fees, gradebook, results, schools, sessions
Running migrations:
  Applying academics.0001_initial...
 OK
  Applying academics.0002_term_next_term_starts_on_term_school_days_and_more...
 OK
  Applying academics.0003_classgroup_classplacement...
 OK
  Applying academics.0004_classteacher...
 OK
  Applying schools.0001_initial...
 OK
  Applying contenttypes.0001_initial...
 OK
  Applying contenttypes.0002_remove_content_type_name...
 OK
  Applying auth.0001_initial...
 OK
  Applying auth.0002_alter_permission_name_max_length...
 OK
  Applying auth.0003_alter_user_email_max_length...
 OK
  Applying auth.0004_alter_user_username_opts...
 OK
  Applying auth.0005_alter_user_last_login_null...
 OK
  Applying auth.0006_require_contenttypes_0002...
 OK
  Applying auth.0007_alter_validators_add_error_messages...
 OK
  Applying auth.0008_alter_user_username_max_length...
 OK
  Applying auth.0009_alter_user_last_name_max_length...
 OK
  Applying auth.0010_alter_group_name_max_length...
 OK
  Applying auth.0011_update_proxy_permissions...
 OK
  Applying auth.0012_alter_user_first_name_max_length...
 OK
  Applying accounts.0001_initial...
 OK
  Applying accounts.0002_alter_guardianship_guardian_and_more...
 OK
  Applying accounts.0003_alter_user_username...
 OK
  Applying schools.0002_invitation...
 OK
  Applying accounts.0004_transferrequest...
 OK
  Applying accounts.0005_rename_answered_at_transferrequest_resolved_at_and_more...
 OK
  Applying accounts.0006_signinattempts...
 OK
  Applying accounts.0007_alter_membership_role...
 OK
  Applying admin.0001_initial...
 OK
  Applying admin.0002_logentry_remove_auto_add...
 OK
  Applying admin.0003_logentry_add_action_flag_choices...
 OK
  Applying fees.0001_initial...
 OK
  Applying fees.0002_ledger_is_append_only...
 OK
  Applying results.0001_initial...
 OK
  Applying results.0002_transitions_are_append_only...
 OK
  Applying results.0003_a_released_sheet_stays_released...
 OK
  Applying results.0004_transition_ordering_index_and_blank_reasons...
 OK
  Applying results.0005_conduct_and_skills_ratings...
 OK
  Applying gradebook.0001_initial...
 OK
  Applying gradebook.0002_a_released_mark_stays_released...
 OK
  Applying results.0006_seed_traits_and_scale...
 OK
  Applying results.0007_a_released_card_stays_released...
 OK
  Applying results.0008_report_card_comments...
 OK
  Applying results.0009_a_released_remark_stays_released...
 OK
  Applying results.0010_a_released_remark_outlives_a_class_move...
 OK
  Applying results.0011_a_released_rating_outlives_a_class_move...
 OK
  Applying results.0012_three_term_view_and_promotion...
 OK
  Applying results.0013_a_session_line_and_a_decision_are_append_only...
 OK
  Applying results.0014_a_term_weighted_nothing_is_still_a_term...
 OK
  Applying results.0015_grade_bands...
 OK
  Applying results.0016_the_report_card_snapshot...
 OK
  Applying results.0017_every_frozen_row_hangs_off_a_card...
 OK
  Applying results.0018_a_frozen_card_is_append_only...
 OK
  Applying results.0019_a_card_can_be_reissued...
 OK
  Applying results.0020_no_index_is_built_twice...
 OK
  Applying results.0021_the_rendered_card...
 OK
  Applying results.0022_a_card_owes_a_file_from_the_moment_it_is_released...
 OK
  Applying sessions.0001_initial...
 OK
.=== Starting migration
Operations to perform:
  Apply all migrations: academics, accounts, admin, auth, contenttypes, fees, gradebook, results, schools, sessions
Running migrations:
  Applying academics.0001_initial...
 OK
  Applying academics.0002_term_next_term_starts_on_term_school_days_and_more...
 OK
  Applying academics.0003_classgroup_classplacement...
 OK
  Applying academics.0004_classteacher...
 OK
  Applying schools.0001_initial...
 OK
  Applying contenttypes.0001_initial...
 OK
  Applying contenttypes.0002_remove_content_type_name...
 OK
  Applying auth.0001_initial...
 OK
  Applying auth.0002_alter_permission_name_max_length...
 OK
  Applying auth.0003_alter_user_email_max_length...
 OK
  Applying auth.0004_alter_user_username_opts...
 OK
  Applying auth.0005_alter_user_last_login_null...
 OK
  Applying auth.0006_require_contenttypes_0002...
 OK
  Applying auth.0007_alter_validators_add_error_messages...
 OK
  Applying auth.0008_alter_user_username_max_length...
 OK
  Applying auth.0009_alter_user_last_name_max_length...
 OK
  Applying auth.0010_alter_group_name_max_length...
 OK
  Applying auth.0011_update_proxy_permissions...
 OK
  Applying auth.0012_alter_user_first_name_max_length...
 OK
  Applying accounts.0001_initial...
 OK
  Applying accounts.0002_alter_guardianship_guardian_and_more...
 OK
  Applying accounts.0003_alter_user_username...
 OK
  Applying schools.0002_invitation...
 OK
  Applying accounts.0004_transferrequest...
 OK
  Applying accounts.0005_rename_answered_at_transferrequest_resolved_at_and_more...
 OK
  Applying accounts.0006_signinattempts...
 OK
  Applying accounts.0007_alter_membership_role...
 OK
  Applying admin.0001_initial...
 OK
  Applying admin.0002_logentry_remove_auto_add...
 OK
  Applying admin.0003_logentry_add_action_flag_choices...
 OK
  Applying fees.0001_initial...
 OK
  Applying fees.0002_ledger_is_append_only...
 OK
  Applying results.0001_initial...
 OK
  Applying results.0002_transitions_are_append_only...
 OK
  Applying results.0003_a_released_sheet_stays_released...
 OK
  Applying results.0004_transition_ordering_index_and_blank_reasons...
 OK
  Applying results.0005_conduct_and_skills_ratings...
 OK
  Applying gradebook.0001_initial...
 OK
  Applying gradebook.0002_a_released_mark_stays_released...
 OK
  Applying results.0006_seed_traits_and_scale...
 OK
  Applying results.0007_a_released_card_stays_released...
 OK
  Applying results.0008_report_card_comments...
 OK
  Applying results.0009_a_released_remark_stays_released...
 OK
  Applying results.0010_a_released_remark_outlives_a_class_move...
 OK
  Applying results.0011_a_released_rating_outlives_a_class_move...
 OK
  Applying results.0012_three_term_view_and_promotion...
 OK
  Applying results.0013_a_session_line_and_a_decision_are_append_only...
 OK
  Applying results.0014_a_term_weighted_nothing_is_still_a_term...
 OK
  Applying results.0015_grade_bands...
 OK
  Applying results.0016_the_report_card_snapshot...
 OK
  Applying results.0017_every_frozen_row_hangs_off_a_card...
 OK
  Applying results.0018_a_frozen_card_is_append_only...
 OK
  Applying results.0019_a_card_can_be_reissued...
 OK
  Applying results.0020_no_index_is_built_twice...
 OK
  Applying results.0021_the_rendered_card...
 OK
  Applying results.0022_a_card_owes_a_file_from_the_moment_it_is_released...
 OK
  Applying sessions.0001_initial...
 OK
=== Starting migration
Operations to perform:
  Apply all migrations: academics, accounts, admin, auth, contenttypes, fees, gradebook, results, schools, sessions
Running migrations:
  Applying academics.0001_initial...
 OK
  Applying academics.0002_term_next_term_starts_on_term_school_days_and_more...
 OK
  Applying academics.0003_classgroup_classplacement...
 OK
  Applying academics.0004_classteacher...
 OK
  Applying schools.0001_initial...
 OK
  Applying contenttypes.0001_initial...
 OK
  Applying contenttypes.0002_remove_content_type_name...
 OK
  Applying auth.0001_initial...
 OK
  Applying auth.0002_alter_permission_name_max_length...
 OK
  Applying auth.0003_alter_user_email_max_length...
 OK
  Applying auth.0004_alter_user_username_opts...
 OK
  Applying auth.0005_alter_user_last_login_null...
 OK
  Applying auth.0006_require_contenttypes_0002...
 OK
  Applying auth.0007_alter_validators_add_error_messages...
 OK
  Applying auth.0008_alter_user_username_max_length...
 OK
  Applying auth.0009_alter_user_last_name_max_length...
 OK
  Applying auth.0010_alter_group_name_max_length...
 OK
  Applying auth.0011_update_proxy_permissions...
 OK
  Applying auth.0012_alter_user_first_name_max_length...
 OK
  Applying accounts.0001_initial...
 OK
  Applying accounts.0002_alter_guardianship_guardian_and_more...
 OK
  Applying accounts.0003_alter_user_username...
 OK
  Applying schools.0002_invitation...
 OK
  Applying accounts.0004_transferrequest...
 OK
  Applying accounts.0005_rename_answered_at_transferrequest_resolved_at_and_more...
 OK
  Applying accounts.0006_signinattempts...
 OK
  Applying accounts.0007_alter_membership_role...
 OK
  Applying admin.0001_initial...
 OK
  Applying admin.0002_logentry_remove_auto_add...
 OK
  Applying admin.0003_logentry_add_action_flag_choices...
 OK
  Applying fees.0001_initial...
 OK
  Applying fees.0002_ledger_is_append_only...
 OK
  Applying results.0001_initial...
 OK
  Applying results.0002_transitions_are_append_only...
 OK
  Applying results.0003_a_released_sheet_stays_released...
 OK
  Applying results.0004_transition_ordering_index_and_blank_reasons...
 OK
  Applying results.0005_conduct_and_skills_ratings...
 OK
  Applying gradebook.0001_initial...
 OK
  Applying gradebook.0002_a_released_mark_stays_released...
 OK
  Applying results.0006_seed_traits_and_scale...
 OK
  Applying results.0007_a_released_card_stays_released...
 OK
  Applying results.0008_report_card_comments...
 OK
  Applying results.0009_a_released_remark_stays_released...
 OK
  Applying results.0010_a_released_remark_outlives_a_class_move...
 OK
  Applying results.0011_a_released_rating_outlives_a_class_move...
 OK
  Applying results.0012_three_term_view_and_promotion...
 OK
  Applying results.0013_a_session_line_and_a_decision_are_append_only...
 OK
  Applying results.0014_a_term_weighted_nothing_is_still_a_term...
 OK
  Applying results.0015_grade_bands...
 OK
  Applying results.0016_the_report_card_snapshot...
 OK
  Applying results.0017_every_frozen_row_hangs_off_a_card...
 OK
  Applying results.0018_a_frozen_card_is_append_only...
 OK
  Applying results.0019_a_card_can_be_reissued...
 OK
  Applying results.0020_no_index_is_built_twice...
 OK
  Applying results.0021_the_rendered_card...
 OK
  Applying results.0022_a_card_owes_a_file_from_the_moment_it_is_released...
 OK
  Applying sessions.0001_initial...
 OK
.=== Starting migration
Operations to perform:
  Apply all migrations: academics, accounts, admin, auth, contenttypes, fees, gradebook, results, schools, sessions
Running migrations:
  Applying academics.0001_initial...
 OK
  Applying academics.0002_term_next_term_starts_on_term_school_days_and_more...
 OK
  Applying academics.0003_classgroup_classplacement...
 OK
  Applying academics.0004_classteacher...
 OK
  Applying schools.0001_initial...
 OK
  Applying contenttypes.0001_initial...
 OK
  Applying contenttypes.0002_remove_content_type_name...
 OK
  Applying auth.0001_initial...
 OK
  Applying auth.0002_alter_permission_name_max_length...
 OK
  Applying auth.0003_alter_user_email_max_length...
 OK
  Applying auth.0004_alter_user_username_opts...
 OK
  Applying auth.0005_alter_user_last_login_null...
 OK
  Applying auth.0006_require_contenttypes_0002...
 OK
  Applying auth.0007_alter_validators_add_error_messages...
 OK
  Applying auth.0008_alter_user_username_max_length...
 OK
  Applying auth.0009_alter_user_last_name_max_length...
 OK
  Applying auth.0010_alter_group_name_max_length...
 OK
  Applying auth.0011_update_proxy_permissions...
 OK
  Applying auth.0012_alter_user_first_name_max_length...
 OK
  Applying accounts.0001_initial...
 OK
  Applying accounts.0002_alter_guardianship_guardian_and_more...
 OK
  Applying accounts.0003_alter_user_username...
 OK
  Applying schools.0002_invitation...
 OK
  Applying accounts.0004_transferrequest...
 OK
  Applying accounts.0005_rename_answered_at_transferrequest_resolved_at_and_more...
 OK
  Applying accounts.0006_signinattempts...
 OK
  Applying accounts.0007_alter_membership_role...
 OK
  Applying admin.0001_initial...
 OK
  Applying admin.0002_logentry_remove_auto_add...
 OK
  Applying admin.0003_logentry_add_action_flag_choices...
 OK
  Applying fees.0001_initial...
 OK
  Applying fees.0002_ledger_is_append_only...
 OK
  Applying results.0001_initial...
 OK
  Applying results.0002_transitions_are_append_only...
 OK
  Applying results.0003_a_released_sheet_stays_released...
 OK
  Applying results.0004_transition_ordering_index_and_blank_reasons...
 OK
  Applying results.0005_conduct_and_skills_ratings...
 OK
  Applying gradebook.0001_initial...
 OK
  Applying gradebook.0002_a_released_mark_stays_released...
 OK
  Applying results.0006_seed_traits_and_scale...
 OK
  Applying results.0007_a_released_card_stays_released...
 OK
  Applying results.0008_report_card_comments...
 OK
  Applying results.0009_a_released_remark_stays_released...
 OK
  Applying results.0010_a_released_remark_outlives_a_class_move...
 OK
  Applying results.0011_a_released_rating_outlives_a_class_move...
 OK
  Applying results.0012_three_term_view_and_promotion...
 OK
  Applying results.0013_a_session_line_and_a_decision_are_append_only...
 OK
  Applying results.0014_a_term_weighted_nothing_is_still_a_term...
 OK
  Applying results.0015_grade_bands...
 OK
  Applying results.0016_the_report_card_snapshot...
 OK
  Applying results.0017_every_frozen_row_hangs_off_a_card...
 OK
  Applying results.0018_a_frozen_card_is_append_only...
 OK
  Applying results.0019_a_card_can_be_reissued...
 OK
  Applying results.0020_no_index_is_built_twice...
 OK
  Applying results.0021_the_rendered_card...
 OK
  Applying results.0022_a_card_owes_a_file_from_the_moment_it_is_released...
 OK
  Applying sessions.0001_initial...
 OK
=== Starting migration
Operations to perform:
  Apply all migrations: academics, accounts, admin, auth, contenttypes, fees, gradebook, results, schools, sessions
Running migrations:
  Applying academics.0001_initial...
 OK
  Applying academics.0002_term_next_term_starts_on_term_school_days_and_more...
 OK
  Applying academics.0003_classgroup_classplacement...
 OK
  Applying academics.0004_classteacher...
 OK
  Applying schools.0001_initial...
 OK
  Applying contenttypes.0001_initial...
 OK
  Applying contenttypes.0002_remove_content_type_name...
 OK
  Applying auth.0001_initial...
 OK
  Applying auth.0002_alter_permission_name_max_length...
 OK
  Applying auth.0003_alter_user_email_max_length...
 OK
  Applying auth.0004_alter_user_username_opts...
 OK
  Applying auth.0005_alter_user_last_login_null...
 OK
  Applying auth.0006_require_contenttypes_0002...
 OK
  Applying auth.0007_alter_validators_add_error_messages...
 OK
  Applying auth.0008_alter_user_username_max_length...
 OK
  Applying auth.0009_alter_user_last_name_max_length...
 OK
  Applying auth.0010_alter_group_name_max_length...
 OK
  Applying auth.0011_update_proxy_permissions...
 OK
  Applying auth.0012_alter_user_first_name_max_length...
 OK
  Applying accounts.0001_initial...
 OK
  Applying accounts.0002_alter_guardianship_guardian_and_more...
 OK
  Applying accounts.0003_alter_user_username...
 OK
  Applying schools.0002_invitation...
 OK
  Applying accounts.0004_transferrequest...
 OK
  Applying accounts.0005_rename_answered_at_transferrequest_resolved_at_and_more...
 OK
  Applying accounts.0006_signinattempts...
 OK
  Applying accounts.0007_alter_membership_role...
 OK
  Applying admin.0001_initial...
 OK
  Applying admin.0002_logentry_remove_auto_add...
 OK
  Applying admin.0003_logentry_add_action_flag_choices...
 OK
  Applying fees.0001_initial...
 OK
  Applying fees.0002_ledger_is_append_only...
 OK
  Applying results.0001_initial...
 OK
  Applying results.0002_transitions_are_append_only...
 OK
  Applying results.0003_a_released_sheet_stays_released...
 OK
  Applying results.0004_transition_ordering_index_and_blank_reasons...
 OK
  Applying results.0005_conduct_and_skills_ratings...
 OK
  Applying gradebook.0001_initial...
 OK
  Applying gradebook.0002_a_released_mark_stays_released...
 OK
  Applying results.0006_seed_traits_and_scale...
 OK
  Applying results.0007_a_released_card_stays_released...
 OK
  Applying results.0008_report_card_comments...
 OK
  Applying results.0009_a_released_remark_stays_released...
 OK
  Applying results.0010_a_released_remark_outlives_a_class_move...
 OK
  Applying results.0011_a_released_rating_outlives_a_class_move...
 OK
  Applying results.0012_three_term_view_and_promotion...
 OK
  Applying results.0013_a_session_line_and_a_decision_are_append_only...
 OK
  Applying results.0014_a_term_weighted_nothing_is_still_a_term...
 OK
  Applying results.0015_grade_bands...
 OK
  Applying results.0016_the_report_card_snapshot...
 OK
  Applying results.0017_every_frozen_row_hangs_off_a_card...
 OK
  Applying results.0018_a_frozen_card_is_append_only...
 OK
  Applying results.0019_a_card_can_be_reissued...
 OK
  Applying results.0020_no_index_is_built_twice...
 OK
  Applying results.0021_the_rendered_card...
 OK
  Applying results.0022_a_card_owes_a_file_from_the_moment_it_is_released...
 OK
  Applying sessions.0001_initial...
 OK
.=== Starting migration
Operations to perform:
  Apply all migrations: academics, accounts, admin, auth, contenttypes, fees, gradebook, results, schools, sessions
Running migrations:
  Applying academics.0001_initial...
 OK
  Applying academics.0002_term_next_term_starts_on_term_school_days_and_more...
 OK
  Applying academics.0003_classgroup_classplacement...
 OK
  Applying academics.0004_classteacher...
 OK
  Applying schools.0001_initial...
 OK
  Applying contenttypes.0001_initial...
 OK
  Applying contenttypes.0002_remove_content_type_name...
 OK
  Applying auth.0001_initial...
 OK
  Applying auth.0002_alter_permission_name_max_length...
 OK
  Applying auth.0003_alter_user_email_max_length...
 OK
  Applying auth.0004_alter_user_username_opts...
 OK
  Applying auth.0005_alter_user_last_login_null...
 OK
  Applying auth.0006_require_contenttypes_0002...
 OK
  Applying auth.0007_alter_validators_add_error_messages...
 OK
  Applying auth.0008_alter_user_username_max_length...
 OK
  Applying auth.0009_alter_user_last_name_max_length...
 OK
  Applying auth.0010_alter_group_name_max_length...
 OK
  Applying auth.0011_update_proxy_permissions...
 OK
  Applying auth.0012_alter_user_first_name_max_length...
 OK
  Applying accounts.0001_initial...
 OK
  Applying accounts.0002_alter_guardianship_guardian_and_more...
 OK
  Applying accounts.0003_alter_user_username...
 OK
  Applying schools.0002_invitation...
 OK
  Applying accounts.0004_transferrequest...
 OK
  Applying accounts.0005_rename_answered_at_transferrequest_resolved_at_and_more...
 OK
  Applying accounts.0006_signinattempts...
 OK
  Applying accounts.0007_alter_membership_role...
 OK
  Applying admin.0001_initial...
 OK
  Applying admin.0002_logentry_remove_auto_add...
 OK
  Applying admin.0003_logentry_add_action_flag_choices...
 OK
  Applying fees.0001_initial...
 OK
  Applying fees.0002_ledger_is_append_only...
 OK
  Applying results.0001_initial...
 OK
  Applying results.0002_transitions_are_append_only...
 OK
  Applying results.0003_a_released_sheet_stays_released...
 OK
  Applying results.0004_transition_ordering_index_and_blank_reasons...
 OK
  Applying results.0005_conduct_and_skills_ratings...
 OK
  Applying gradebook.0001_initial...
 OK
  Applying gradebook.0002_a_released_mark_stays_released...
 OK
  Applying results.0006_seed_traits_and_scale...
 OK
  Applying results.0007_a_released_card_stays_released...
 OK
  Applying results.0008_report_card_comments...
 OK
  Applying results.0009_a_released_remark_stays_released...
 OK
  Applying results.0010_a_released_remark_outlives_a_class_move...
 OK
  Applying results.0011_a_released_rating_outlives_a_class_move...
 OK
  Applying results.0012_three_term_view_and_promotion...
 OK
  Applying results.0013_a_session_line_and_a_decision_are_append_only...
 OK
  Applying results.0014_a_term_weighted_nothing_is_still_a_term...
 OK
  Applying results.0015_grade_bands...
 OK
  Applying results.0016_the_report_card_snapshot...
 OK
  Applying results.0017_every_frozen_row_hangs_off_a_card...
 OK
  Applying results.0018_a_frozen_card_is_append_only...
 OK
  Applying results.0019_a_card_can_be_reissued...
 OK
  Applying results.0020_no_index_is_built_twice...
 OK
  Applying results.0021_the_rendered_card...
 OK
  Applying results.0022_a_card_owes_a_file_from_the_moment_it_is_released...
 OK
  Applying sessions.0001_initial...
 OK
=== Starting migration
Operations to perform:
  Apply all migrations: academics, accounts, admin, auth, contenttypes, fees, gradebook, results, schools, sessions
Running migrations:
  Applying academics.0001_initial...
 OK
  Applying academics.0002_term_next_term_starts_on_term_school_days_and_more...
 OK
  Applying academics.0003_classgroup_classplacement...
 OK
  Applying academics.0004_classteacher...
 OK
  Applying schools.0001_initial...
 OK
  Applying contenttypes.0001_initial...
 OK
  Applying contenttypes.0002_remove_content_type_name...
 OK
  Applying auth.0001_initial...
 OK
  Applying auth.0002_alter_permission_name_max_length...
 OK
  Applying auth.0003_alter_user_email_max_length...
 OK
  Applying auth.0004_alter_user_username_opts...
 OK
  Applying auth.0005_alter_user_last_login_null...
 OK
  Applying auth.0006_require_contenttypes_0002...
 OK
  Applying auth.0007_alter_validators_add_error_messages...
 OK
  Applying auth.0008_alter_user_username_max_length...
 OK
  Applying auth.0009_alter_user_last_name_max_length...
 OK
  Applying auth.0010_alter_group_name_max_length...
 OK
  Applying auth.0011_update_proxy_permissions...
 OK
  Applying auth.0012_alter_user_first_name_max_length...
 OK
  Applying accounts.0001_initial...
 OK
  Applying accounts.0002_alter_guardianship_guardian_and_more...
 OK
  Applying accounts.0003_alter_user_username...
 OK
  Applying schools.0002_invitation...
 OK
  Applying accounts.0004_transferrequest...
 OK
  Applying accounts.0005_rename_answered_at_transferrequest_resolved_at_and_more...
 OK
  Applying accounts.0006_signinattempts...
 OK
  Applying accounts.0007_alter_membership_role...
 OK
  Applying admin.0001_initial...
 OK
  Applying admin.0002_logentry_remove_auto_add...
 OK
  Applying admin.0003_logentry_add_action_flag_choices...
 OK
  Applying fees.0001_initial...
 OK
  Applying fees.0002_ledger_is_append_only...
 OK
  Applying results.0001_initial...
 OK
  Applying results.0002_transitions_are_append_only...
 OK
  Applying results.0003_a_released_sheet_stays_released...
 OK
  Applying results.0004_transition_ordering_index_and_blank_reasons...
 OK
  Applying results.0005_conduct_and_skills_ratings...
 OK
  Applying gradebook.0001_initial...
 OK
  Applying gradebook.0002_a_released_mark_stays_released...
 OK
  Applying results.0006_seed_traits_and_scale...
 OK
  Applying results.0007_a_released_card_stays_released...
 OK
  Applying results.0008_report_card_comments...
 OK
  Applying results.0009_a_released_remark_stays_released...
 OK
  Applying results.0010_a_released_remark_outlives_a_class_move...
 OK
  Applying results.0011_a_released_rating_outlives_a_class_move...
 OK
  Applying results.0012_three_term_view_and_promotion...
 OK
  Applying results.0013_a_session_line_and_a_decision_are_append_only...
 OK
  Applying results.0014_a_term_weighted_nothing_is_still_a_term...
 OK
  Applying results.0015_grade_bands...
 OK
  Applying results.0016_the_report_card_snapshot...
 OK
  Applying results.0017_every_frozen_row_hangs_off_a_card...
 OK
  Applying results.0018_a_frozen_card_is_append_only...
 OK
  Applying results.0019_a_card_can_be_reissued...
 OK
  Applying results.0020_no_index_is_built_twice...
 OK
  Applying results.0021_the_rendered_card...
 OK
  Applying results.0022_a_card_owes_a_file_from_the_moment_it_is_released...
 OK
  Applying sessions.0001_initial...
 OK
.=== Starting migration
Operations to perform:
  Apply all migrations: academics, accounts, admin, auth, contenttypes, fees, gradebook, results, schools, sessions
Running migrations:
  Applying academics.0001_initial...
 OK
  Applying academics.0002_term_next_term_starts_on_term_school_days_and_more...
 OK
  Applying academics.0003_classgroup_classplacement...
 OK
  Applying academics.0004_classteacher...
 OK
  Applying schools.0001_initial...
 OK
  Applying contenttypes.0001_initial...
 OK
  Applying contenttypes.0002_remove_content_type_name...
 OK
  Applying auth.0001_initial...
 OK
  Applying auth.0002_alter_permission_name_max_length...
 OK
  Applying auth.0003_alter_user_email_max_length...
 OK
  Applying auth.0004_alter_user_username_opts...
 OK
  Applying auth.0005_alter_user_last_login_null...
 OK
  Applying auth.0006_require_contenttypes_0002...
 OK
  Applying auth.0007_alter_validators_add_error_messages...
 OK
  Applying auth.0008_alter_user_username_max_length...
 OK
  Applying auth.0009_alter_user_last_name_max_length...
 OK
  Applying auth.0010_alter_group_name_max_length...
 OK
  Applying auth.0011_update_proxy_permissions...
 OK
  Applying auth.0012_alter_user_first_name_max_length...
 OK
  Applying accounts.0001_initial...
 OK
  Applying accounts.0002_alter_guardianship_guardian_and_more...
 OK
  Applying accounts.0003_alter_user_username...
 OK
  Applying schools.0002_invitation...
 OK
  Applying accounts.0004_transferrequest...
 OK
  Applying accounts.0005_rename_answered_at_transferrequest_resolved_at_and_more...
 OK
  Applying accounts.0006_signinattempts...
 OK
  Applying accounts.0007_alter_membership_role...
 OK
  Applying admin.0001_initial...
 OK
  Applying admin.0002_logentry_remove_auto_add...
 OK
  Applying admin.0003_logentry_add_action_flag_choices...
 OK
  Applying fees.0001_initial...
 OK
  Applying fees.0002_ledger_is_append_only...
 OK
  Applying results.0001_initial...
 OK
  Applying results.0002_transitions_are_append_only...
 OK
  Applying results.0003_a_released_sheet_stays_released...
 OK
  Applying results.0004_transition_ordering_index_and_blank_reasons...
 OK
  Applying results.0005_conduct_and_skills_ratings...
 OK
  Applying gradebook.0001_initial...
 OK
  Applying gradebook.0002_a_released_mark_stays_released...
 OK
  Applying results.0006_seed_traits_and_scale...
 OK
  Applying results.0007_a_released_card_stays_released...
 OK
  Applying results.0008_report_card_comments...
 OK
  Applying results.0009_a_released_remark_stays_released...
 OK
  Applying results.0010_a_released_remark_outlives_a_class_move...
 OK
  Applying results.0011_a_released_rating_outlives_a_class_move...
 OK
  Applying results.0012_three_term_view_and_promotion...
 OK
  Applying results.0013_a_session_line_and_a_decision_are_append_only...
 OK
  Applying results.0014_a_term_weighted_nothing_is_still_a_term...
 OK
  Applying results.0015_grade_bands...
 OK
  Applying results.0016_the_report_card_snapshot...
 OK
  Applying results.0017_every_frozen_row_hangs_off_a_card...
 OK
  Applying results.0018_a_frozen_card_is_append_only...
 OK
  Applying results.0019_a_card_can_be_reissued...
 OK
  Applying results.0020_no_index_is_built_twice...
 OK
  Applying results.0021_the_rendered_card...
 OK
  Applying results.0022_a_card_owes_a_file_from_the_moment_it_is_released...
 OK
  Applying sessions.0001_initial...
 OK
=== Starting migration
Operations to perform:
  Apply all migrations: academics, accounts, admin, auth, contenttypes, fees, gradebook, results, schools, sessions
Running migrations:
  Applying academics.0001_initial...
 OK
  Applying academics.0002_term_next_term_starts_on_term_school_days_and_more...
 OK
  Applying academics.0003_classgroup_classplacement...
 OK
  Applying academics.0004_classteacher...
 OK
  Applying schools.0001_initial...
 OK
  Applying contenttypes.0001_initial...
 OK
  Applying contenttypes.0002_remove_content_type_name...
 OK
  Applying auth.0001_initial...
 OK
  Applying auth.0002_alter_permission_name_max_length...
 OK
  Applying auth.0003_alter_user_email_max_length...
 OK
  Applying auth.0004_alter_user_username_opts...
 OK
  Applying auth.0005_alter_user_last_login_null...
 OK
  Applying auth.0006_require_contenttypes_0002...
 OK
  Applying auth.0007_alter_validators_add_error_messages...
 OK
  Applying auth.0008_alter_user_username_max_length...
 OK
  Applying auth.0009_alter_user_last_name_max_length...
 OK
  Applying auth.0010_alter_group_name_max_length...
 OK
  Applying auth.0011_update_proxy_permissions...
 OK
  Applying auth.0012_alter_user_first_name_max_length...
 OK
  Applying accounts.0001_initial...
 OK
  Applying accounts.0002_alter_guardianship_guardian_and_more...
 OK
  Applying accounts.0003_alter_user_username...
 OK
  Applying schools.0002_invitation...
 OK
  Applying accounts.0004_transferrequest...
 OK
  Applying accounts.0005_rename_answered_at_transferrequest_resolved_at_and_more...
 OK
  Applying accounts.0006_signinattempts...
 OK
  Applying accounts.0007_alter_membership_role...
 OK
  Applying admin.0001_initial...
 OK
  Applying admin.0002_logentry_remove_auto_add...
 OK
  Applying admin.0003_logentry_add_action_flag_choices...
 OK
  Applying fees.0001_initial...
 OK
  Applying fees.0002_ledger_is_append_only...
 OK
  Applying results.0001_initial...
 OK
  Applying results.0002_transitions_are_append_only...
 OK
  Applying results.0003_a_released_sheet_stays_released...
 OK
  Applying results.0004_transition_ordering_index_and_blank_reasons...
 OK
  Applying results.0005_conduct_and_skills_ratings...
 OK
  Applying gradebook.0001_initial...
 OK
  Applying gradebook.0002_a_released_mark_stays_released...
 OK
  Applying results.0006_seed_traits_and_scale...
 OK
  Applying results.0007_a_released_card_stays_released...
 OK
  Applying results.0008_report_card_comments...
 OK
  Applying results.0009_a_released_remark_stays_released...
 OK
  Applying results.0010_a_released_remark_outlives_a_class_move...
 OK
  Applying results.0011_a_released_rating_outlives_a_class_move...
 OK
  Applying results.0012_three_term_view_and_promotion...
 OK
  Applying results.0013_a_session_line_and_a_decision_are_append_only...
 OK
  Applying results.0014_a_term_weighted_nothing_is_still_a_term...
 OK
  Applying results.0015_grade_bands...
 OK
  Applying results.0016_the_report_card_snapshot...
 OK
  Applying results.0017_every_frozen_row_hangs_off_a_card...
 OK
  Applying results.0018_a_frozen_card_is_append_only...
 OK
  Applying results.0019_a_card_can_be_reissued...
 OK
  Applying results.0020_no_index_is_built_twice...
 OK
  Applying results.0021_the_rendered_card...
 OK
  Applying results.0022_a_card_owes_a_file_from_the_moment_it_is_released...
 OK
  Applying sessions.0001_initial...
 OK
.=== Starting migration
Operations to perform:
  Apply all migrations: academics, accounts, admin, auth, contenttypes, fees, gradebook, results, schools, sessions
Running migrations:
  Applying academics.0001_initial...
 OK
  Applying academics.0002_term_next_term_starts_on_term_school_days_and_more...
 OK
  Applying academics.0003_classgroup_classplacement...
 OK
  Applying academics.0004_classteacher...
 OK
  Applying schools.0001_initial...
 OK
  Applying contenttypes.0001_initial...
 OK
  Applying contenttypes.0002_remove_content_type_name...
 OK
  Applying auth.0001_initial...
 OK
  Applying auth.0002_alter_permission_name_max_length...
 OK
  Applying auth.0003_alter_user_email_max_length...
 OK
  Applying auth.0004_alter_user_username_opts...
 OK
  Applying auth.0005_alter_user_last_login_null...
 OK
  Applying auth.0006_require_contenttypes_0002...
 OK
  Applying auth.0007_alter_validators_add_error_messages...
 OK
  Applying auth.0008_alter_user_username_max_length...
 OK
  Applying auth.0009_alter_user_last_name_max_length...
 OK
  Applying auth.0010_alter_group_name_max_length...
 OK
  Applying auth.0011_update_proxy_permissions...
 OK
  Applying auth.0012_alter_user_first_name_max_length...
 OK
  Applying accounts.0001_initial...
 OK
  Applying accounts.0002_alter_guardianship_guardian_and_more...
 OK
  Applying accounts.0003_alter_user_username...
 OK
  Applying schools.0002_invitation...
 OK
  Applying accounts.0004_transferrequest...
 OK
  Applying accounts.0005_rename_answered_at_transferrequest_resolved_at_and_more...
 OK
  Applying accounts.0006_signinattempts...
 OK
  Applying accounts.0007_alter_membership_role...
 OK
  Applying admin.0001_initial...
 OK
  Applying admin.0002_logentry_remove_auto_add...
 OK
  Applying admin.0003_logentry_add_action_flag_choices...
 OK
  Applying fees.0001_initial...
 OK
  Applying fees.0002_ledger_is_append_only...
 OK
  Applying results.0001_initial...
 OK
  Applying results.0002_transitions_are_append_only...
 OK
  Applying results.0003_a_released_sheet_stays_released...
 OK
  Applying results.0004_transition_ordering_index_and_blank_reasons...
 OK
  Applying results.0005_conduct_and_skills_ratings...
 OK
  Applying gradebook.0001_initial...
 OK
  Applying gradebook.0002_a_released_mark_stays_released...
 OK
  Applying results.0006_seed_traits_and_scale...
 OK
  Applying results.0007_a_released_card_stays_released...
 OK
  Applying results.0008_report_card_comments...
 OK
  Applying results.0009_a_released_remark_stays_released...
 OK
  Applying results.0010_a_released_remark_outlives_a_class_move...
 OK
  Applying results.0011_a_released_rating_outlives_a_class_move...
 OK
  Applying results.0012_three_term_view_and_promotion...
 OK
  Applying results.0013_a_session_line_and_a_decision_are_append_only...
 OK
  Applying results.0014_a_term_weighted_nothing_is_still_a_term...
 OK
  Applying results.0015_grade_bands...
 OK
  Applying results.0016_the_report_card_snapshot...
 OK
  Applying results.0017_every_frozen_row_hangs_off_a_card...
 OK
  Applying results.0018_a_frozen_card_is_append_only...
 OK
  Applying results.0019_a_card_can_be_reissued...
 OK
  Applying results.0020_no_index_is_built_twice...
 OK
  Applying results.0021_the_rendered_card...
 OK
  Applying results.0022_a_card_owes_a_file_from_the_moment_it_is_released...
 OK
  Applying sessions.0001_initial...
 OK
=== Starting migration
Operations to perform:
  Apply all migrations: academics, accounts, admin, auth, contenttypes, fees, gradebook, results, schools, sessions
Running migrations:
  Applying academics.0001_initial...
 OK
  Applying academics.0002_term_next_term_starts_on_term_school_days_and_more...
 OK
  Applying academics.0003_classgroup_classplacement...
 OK
  Applying academics.0004_classteacher...
 OK
  Applying schools.0001_initial...
 OK
  Applying contenttypes.0001_initial...
 OK
  Applying contenttypes.0002_remove_content_type_name...
 OK
  Applying auth.0001_initial...
 OK
  Applying auth.0002_alter_permission_name_max_length...
 OK
  Applying auth.0003_alter_user_email_max_length...
 OK
  Applying auth.0004_alter_user_username_opts...
 OK
  Applying auth.0005_alter_user_last_login_null...
 OK
  Applying auth.0006_require_contenttypes_0002...
 OK
  Applying auth.0007_alter_validators_add_error_messages...
 OK
  Applying auth.0008_alter_user_username_max_length...
 OK
  Applying auth.0009_alter_user_last_name_max_length...
 OK
  Applying auth.0010_alter_group_name_max_length...
 OK
  Applying auth.0011_update_proxy_permissions...
 OK
  Applying auth.0012_alter_user_first_name_max_length...
 OK
  Applying accounts.0001_initial...
 OK
  Applying accounts.0002_alter_guardianship_guardian_and_more...
 OK
  Applying accounts.0003_alter_user_username...
 OK
  Applying schools.0002_invitation...
 OK
  Applying accounts.0004_transferrequest...
 OK
  Applying accounts.0005_rename_answered_at_transferrequest_resolved_at_and_more...
 OK
  Applying accounts.0006_signinattempts...
 OK
  Applying accounts.0007_alter_membership_role...
 OK
  Applying admin.0001_initial...
 OK
  Applying admin.0002_logentry_remove_auto_add...
 OK
  Applying admin.0003_logentry_add_action_flag_choices...
 OK
  Applying fees.0001_initial...
 OK
  Applying fees.0002_ledger_is_append_only...
 OK
  Applying results.0001_initial...
 OK
  Applying results.0002_transitions_are_append_only...
 OK
  Applying results.0003_a_released_sheet_stays_released...
 OK
  Applying results.0004_transition_ordering_index_and_blank_reasons...
 OK
  Applying results.0005_conduct_and_skills_ratings...
 OK
  Applying gradebook.0001_initial...
 OK
  Applying gradebook.0002_a_released_mark_stays_released...
 OK
  Applying results.0006_seed_traits_and_scale...
 OK
  Applying results.0007_a_released_card_stays_released...
 OK
  Applying results.0008_report_card_comments...
 OK
  Applying results.0009_a_released_remark_stays_released...
 OK
  Applying results.0010_a_released_remark_outlives_a_class_move...
 OK
  Applying results.0011_a_released_rating_outlives_a_class_move...
 OK
  Applying results.0012_three_term_view_and_promotion...
 OK
  Applying results.0013_a_session_line_and_a_decision_are_append_only...
 OK
  Applying results.0014_a_term_weighted_nothing_is_still_a_term...
 OK
  Applying results.0015_grade_bands...
 OK
  Applying results.0016_the_report_card_snapshot...
 OK
  Applying results.0017_every_frozen_row_hangs_off_a_card...
 OK
  Applying results.0018_a_frozen_card_is_append_only...
 OK
  Applying results.0019_a_card_can_be_reissued...
 OK
  Applying results.0020_no_index_is_built_twice...
 OK
  Applying results.0021_the_rendered_card...
 OK
  Applying results.0022_a_card_owes_a_file_from_the_moment_it_is_released...
 OK
  Applying sessions.0001_initial...
 OK
.=== Starting migration
Operations to perform:
  Apply all migrations: academics, accounts, admin, auth, contenttypes, fees, gradebook, results, schools, sessions
Running migrations:
  Applying academics.0001_initial...
 OK
  Applying academics.0002_term_next_term_starts_on_term_school_days_and_more...
 OK
  Applying academics.0003_classgroup_classplacement...
 OK
  Applying academics.0004_classteacher...
 OK
  Applying schools.0001_initial...
 OK
  Applying contenttypes.0001_initial...
 OK
  Applying contenttypes.0002_remove_content_type_name...
 OK
  Applying auth.0001_initial...
 OK
  Applying auth.0002_alter_permission_name_max_length...
 OK
  Applying auth.0003_alter_user_email_max_length...
 OK
  Applying auth.0004_alter_user_username_opts...
 OK
  Applying auth.0005_alter_user_last_login_null...
 OK
  Applying auth.0006_require_contenttypes_0002...
 OK
  Applying auth.0007_alter_validators_add_error_messages...
 OK
  Applying auth.0008_alter_user_username_max_length...
 OK
  Applying auth.0009_alter_user_last_name_max_length...
 OK
  Applying auth.0010_alter_group_name_max_length...
 OK
  Applying auth.0011_update_proxy_permissions...
 OK
  Applying auth.0012_alter_user_first_name_max_length...
 OK
  Applying accounts.0001_initial...
 OK
  Applying accounts.0002_alter_guardianship_guardian_and_more...
 OK
  Applying accounts.0003_alter_user_username...
 OK
  Applying schools.0002_invitation...
 OK
  Applying accounts.0004_transferrequest...
 OK
  Applying accounts.0005_rename_answered_at_transferrequest_resolved_at_and_more...
 OK
  Applying accounts.0006_signinattempts...
 OK
  Applying accounts.0007_alter_membership_role...
 OK
  Applying admin.0001_initial...
 OK
  Applying admin.0002_logentry_remove_auto_add...
 OK
  Applying admin.0003_logentry_add_action_flag_choices...
 OK
  Applying fees.0001_initial...
 OK
  Applying fees.0002_ledger_is_append_only...
 OK
  Applying results.0001_initial...
 OK
  Applying results.0002_transitions_are_append_only...
 OK
  Applying results.0003_a_released_sheet_stays_released...
 OK
  Applying results.0004_transition_ordering_index_and_blank_reasons...
 OK
  Applying results.0005_conduct_and_skills_ratings...
 OK
  Applying gradebook.0001_initial...
 OK
  Applying gradebook.0002_a_released_mark_stays_released...
 OK
  Applying results.0006_seed_traits_and_scale...
 OK
  Applying results.0007_a_released_card_stays_released...
 OK
  Applying results.0008_report_card_comments...
 OK
  Applying results.0009_a_released_remark_stays_released...
 OK
  Applying results.0010_a_released_remark_outlives_a_class_move...
 OK
  Applying results.0011_a_released_rating_outlives_a_class_move...
 OK
  Applying results.0012_three_term_view_and_promotion...
 OK
  Applying results.0013_a_session_line_and_a_decision_are_append_only...
 OK
  Applying results.0014_a_term_weighted_nothing_is_still_a_term...
 OK
  Applying results.0015_grade_bands...
 OK
  Applying results.0016_the_report_card_snapshot...
 OK
  Applying results.0017_every_frozen_row_hangs_off_a_card...
 OK
  Applying results.0018_a_frozen_card_is_append_only...
 OK
  Applying results.0019_a_card_can_be_reissued...
 OK
  Applying results.0020_no_index_is_built_twice...
 OK
  Applying results.0021_the_rendered_card...
 OK
  Applying results.0022_a_card_owes_a_file_from_the_moment_it_is_released...
 OK
  Applying sessions.0001_initial...
 OK
=== Starting migration
Operations to perform:
  Apply all migrations: academics, accounts, admin, auth, contenttypes, fees, gradebook, results, schools, sessions
Running migrations:
  Applying academics.0001_initial...
 OK
  Applying academics.0002_term_next_term_starts_on_term_school_days_and_more...
 OK
  Applying academics.0003_classgroup_classplacement...
 OK
  Applying academics.0004_classteacher...
 OK
  Applying schools.0001_initial...
 OK
  Applying contenttypes.0001_initial...
 OK
  Applying contenttypes.0002_remove_content_type_name...
 OK
  Applying auth.0001_initial...
 OK
  Applying auth.0002_alter_permission_name_max_length...
 OK
  Applying auth.0003_alter_user_email_max_length...
 OK
  Applying auth.0004_alter_user_username_opts...
 OK
  Applying auth.0005_alter_user_last_login_null...
 OK
  Applying auth.0006_require_contenttypes_0002...
 OK
  Applying auth.0007_alter_validators_add_error_messages...
 OK
  Applying auth.0008_alter_user_username_max_length...
 OK
  Applying auth.0009_alter_user_last_name_max_length...
 OK
  Applying auth.0010_alter_group_name_max_length...
 OK
  Applying auth.0011_update_proxy_permissions...
 OK
  Applying auth.0012_alter_user_first_name_max_length...
 OK
  Applying accounts.0001_initial...
 OK
  Applying accounts.0002_alter_guardianship_guardian_and_more...
 OK
  Applying accounts.0003_alter_user_username...
 OK
  Applying schools.0002_invitation...
 OK
  Applying accounts.0004_transferrequest...
 OK
  Applying accounts.0005_rename_answered_at_transferrequest_resolved_at_and_more...
 OK
  Applying accounts.0006_signinattempts...
 OK
  Applying accounts.0007_alter_membership_role...
 OK
  Applying admin.0001_initial...
 OK
  Applying admin.0002_logentry_remove_auto_add...
 OK
  Applying admin.0003_logentry_add_action_flag_choices...
 OK
  Applying fees.0001_initial...
 OK
  Applying fees.0002_ledger_is_append_only...
 OK
  Applying results.0001_initial...
 OK
  Applying results.0002_transitions_are_append_only...
 OK
  Applying results.0003_a_released_sheet_stays_released...
 OK
  Applying results.0004_transition_ordering_index_and_blank_reasons...
 OK
  Applying results.0005_conduct_and_skills_ratings...
 OK
  Applying gradebook.0001_initial...
 OK
  Applying gradebook.0002_a_released_mark_stays_released...
 OK
  Applying results.0006_seed_traits_and_scale...
 OK
  Applying results.0007_a_released_card_stays_released...
 OK
  Applying results.0008_report_card_comments...
 OK
  Applying results.0009_a_released_remark_stays_released...
 OK
  Applying results.0010_a_released_remark_outlives_a_class_move...
 OK
  Applying results.0011_a_released_rating_outlives_a_class_move...
 OK
  Applying results.0012_three_term_view_and_promotion...
 OK
  Applying results.0013_a_session_line_and_a_decision_are_append_only...
 OK
  Applying results.0014_a_term_weighted_nothing_is_still_a_term...
 OK
  Applying results.0015_grade_bands...
 OK
  Applying results.0016_the_report_card_snapshot...
 OK
  Applying results.0017_every_frozen_row_hangs_off_a_card...
 OK
  Applying results.0018_a_frozen_card_is_append_only...
 OK
  Applying results.0019_a_card_can_be_reissued...
 OK
  Applying results.0020_no_index_is_built_twice...
 OK
  Applying results.0021_the_rendered_card...
 OK
  Applying results.0022_a_card_owes_a_file_from_the_moment_it_is_released...
 OK
  Applying sessions.0001_initial...
 OK
.=== Starting migration
Operations to perform:
  Apply all migrations: academics, accounts, admin, auth, contenttypes, fees, gradebook, results, schools, sessions
Running migrations:
  Applying academics.0001_initial...
 OK
  Applying academics.0002_term_next_term_starts_on_term_school_days_and_more...
 OK
  Applying academics.0003_classgroup_classplacement...
 OK
  Applying academics.0004_classteacher...
 OK
  Applying schools.0001_initial...
 OK
  Applying contenttypes.0001_initial...
 OK
  Applying contenttypes.0002_remove_content_type_name...
 OK
  Applying auth.0001_initial...
 OK
  Applying auth.0002_alter_permission_name_max_length...
 OK
  Applying auth.0003_alter_user_email_max_length...
 OK
  Applying auth.0004_alter_user_username_opts...
 OK
  Applying auth.0005_alter_user_last_login_null...
 OK
  Applying auth.0006_require_contenttypes_0002...
 OK
  Applying auth.0007_alter_validators_add_error_messages...
 OK
  Applying auth.0008_alter_user_username_max_length...
 OK
  Applying auth.0009_alter_user_last_name_max_length...
 OK
  Applying auth.0010_alter_group_name_max_length...
 OK
  Applying auth.0011_update_proxy_permissions...
 OK
  Applying auth.0012_alter_user_first_name_max_length...
 OK
  Applying accounts.0001_initial...
 OK
  Applying accounts.0002_alter_guardianship_guardian_and_more...
 OK
  Applying accounts.0003_alter_user_username...
 OK
  Applying schools.0002_invitation...
 OK
  Applying accounts.0004_transferrequest...
 OK
  Applying accounts.0005_rename_answered_at_transferrequest_resolved_at_and_more...
 OK
  Applying accounts.0006_signinattempts...
 OK
  Applying accounts.0007_alter_membership_role...
 OK
  Applying admin.0001_initial...
 OK
  Applying admin.0002_logentry_remove_auto_add...
 OK
  Applying admin.0003_logentry_add_action_flag_choices...
 OK
  Applying fees.0001_initial...
 OK
  Applying fees.0002_ledger_is_append_only...
 OK
  Applying results.0001_initial...
 OK
  Applying results.0002_transitions_are_append_only...
 OK
  Applying results.0003_a_released_sheet_stays_released...
 OK
  Applying results.0004_transition_ordering_index_and_blank_reasons...
 OK
  Applying results.0005_conduct_and_skills_ratings...
 OK
  Applying gradebook.0001_initial...
 OK
  Applying gradebook.0002_a_released_mark_stays_released...
 OK
  Applying results.0006_seed_traits_and_scale...
 OK
  Applying results.0007_a_released_card_stays_released...
 OK
  Applying results.0008_report_card_comments...
 OK
  Applying results.0009_a_released_remark_stays_released...
 OK
  Applying results.0010_a_released_remark_outlives_a_class_move...
 OK
  Applying results.0011_a_released_rating_outlives_a_class_move...
 OK
  Applying results.0012_three_term_view_and_promotion...
 OK
  Applying results.0013_a_session_line_and_a_decision_are_append_only...
 OK
  Applying results.0014_a_term_weighted_nothing_is_still_a_term...
 OK
  Applying results.0015_grade_bands...
 OK
  Applying results.0016_the_report_card_snapshot...
 OK
  Applying results.0017_every_frozen_row_hangs_off_a_card...
 OK
  Applying results.0018_a_frozen_card_is_append_only...
 OK
  Applying results.0019_a_card_can_be_reissued...
 OK
  Applying results.0020_no_index_is_built_twice...
 OK
  Applying results.0021_the_rendered_card...
 OK
  Applying results.0022_a_card_owes_a_file_from_the_moment_it_is_released...
 OK
  Applying sessions.0001_initial...
 OK
=== Starting migration
Operations to perform:
  Apply all migrations: academics, accounts, admin, auth, contenttypes, fees, gradebook, results, schools, sessions
Running migrations:
  Applying academics.0001_initial...
 OK
  Applying academics.0002_term_next_term_starts_on_term_school_days_and_more...
 OK
  Applying academics.0003_classgroup_classplacement...
 OK
  Applying academics.0004_classteacher...
 OK
  Applying schools.0001_initial...
 OK
  Applying contenttypes.0001_initial...
 OK
  Applying contenttypes.0002_remove_content_type_name...
 OK
  Applying auth.0001_initial...
 OK
  Applying auth.0002_alter_permission_name_max_length...
 OK
  Applying auth.0003_alter_user_email_max_length...
 OK
  Applying auth.0004_alter_user_username_opts...
 OK
  Applying auth.0005_alter_user_last_login_null...
 OK
  Applying auth.0006_require_contenttypes_0002...
 OK
  Applying auth.0007_alter_validators_add_error_messages...
 OK
  Applying auth.0008_alter_user_username_max_length...
 OK
  Applying auth.0009_alter_user_last_name_max_length...
 OK
  Applying auth.0010_alter_group_name_max_length...
 OK
  Applying auth.0011_update_proxy_permissions...
 OK
  Applying auth.0012_alter_user_first_name_max_length...
 OK
  Applying accounts.0001_initial...
 OK
  Applying accounts.0002_alter_guardianship_guardian_and_more...
 OK
  Applying accounts.0003_alter_user_username...
 OK
  Applying schools.0002_invitation...
 OK
  Applying accounts.0004_transferrequest...
 OK
  Applying accounts.0005_rename_answered_at_transferrequest_resolved_at_and_more...
 OK
  Applying accounts.0006_signinattempts...
 OK
  Applying accounts.0007_alter_membership_role...
 OK
  Applying admin.0001_initial...
 OK
  Applying admin.0002_logentry_remove_auto_add...
 OK
  Applying admin.0003_logentry_add_action_flag_choices...
 OK
  Applying fees.0001_initial...
 OK
  Applying fees.0002_ledger_is_append_only...
 OK
  Applying results.0001_initial...
 OK
  Applying results.0002_transitions_are_append_only...
 OK
  Applying results.0003_a_released_sheet_stays_released...
 OK
  Applying results.0004_transition_ordering_index_and_blank_reasons...
 OK
  Applying results.0005_conduct_and_skills_ratings...
 OK
  Applying gradebook.0001_initial...
 OK
  Applying gradebook.0002_a_released_mark_stays_released...
 OK
  Applying results.0006_seed_traits_and_scale...
 OK
  Applying results.0007_a_released_card_stays_released...
 OK
  Applying results.0008_report_card_comments...
 OK
  Applying results.0009_a_released_remark_stays_released...
 OK
  Applying results.0010_a_released_remark_outlives_a_class_move...
 OK
  Applying results.0011_a_released_rating_outlives_a_class_move...
 OK
  Applying results.0012_three_term_view_and_promotion...
 OK
  Applying results.0013_a_session_line_and_a_decision_are_append_only...
 OK
  Applying results.0014_a_term_weighted_nothing_is_still_a_term...
 OK
  Applying results.0015_grade_bands...
 OK
  Applying results.0016_the_report_card_snapshot...
 OK
  Applying results.0017_every_frozen_row_hangs_off_a_card...
 OK
  Applying results.0018_a_frozen_card_is_append_only...
 OK
  Applying results.0019_a_card_can_be_reissued...
 OK
  Applying results.0020_no_index_is_built_twice...
 OK
  Applying results.0021_the_rendered_card...
 OK
  Applying results.0022_a_card_owes_a_file_from_the_moment_it_is_released...
 OK
  Applying sessions.0001_initial...
 OK
.=== Starting migration
Operations to perform:
  Apply all migrations: academics, accounts, admin, auth, contenttypes, fees, gradebook, results, schools, sessions
Running migrations:
  Applying academics.0001_initial...
 OK
  Applying academics.0002_term_next_term_starts_on_term_school_days_and_more...
 OK
  Applying academics.0003_classgroup_classplacement...
 OK
  Applying academics.0004_classteacher...
 OK
  Applying schools.0001_initial...
 OK
  Applying contenttypes.0001_initial...
 OK
  Applying contenttypes.0002_remove_content_type_name...
 OK
  Applying auth.0001_initial...
 OK
  Applying auth.0002_alter_permission_name_max_length...
 OK
  Applying auth.0003_alter_user_email_max_length...
 OK
  Applying auth.0004_alter_user_username_opts...
 OK
  Applying auth.0005_alter_user_last_login_null...
 OK
  Applying auth.0006_require_contenttypes_0002...
 OK
  Applying auth.0007_alter_validators_add_error_messages...
 OK
  Applying auth.0008_alter_user_username_max_length...
 OK
  Applying auth.0009_alter_user_last_name_max_length...
 OK
  Applying auth.0010_alter_group_name_max_length...
 OK
  Applying auth.0011_update_proxy_permissions...
 OK
  Applying auth.0012_alter_user_first_name_max_length...
 OK
  Applying accounts.0001_initial...
 OK
  Applying accounts.0002_alter_guardianship_guardian_and_more...
 OK
  Applying accounts.0003_alter_user_username...
 OK
  Applying schools.0002_invitation...
 OK
  Applying accounts.0004_transferrequest...
 OK
  Applying accounts.0005_rename_answered_at_transferrequest_resolved_at_and_more...
 OK
  Applying accounts.0006_signinattempts...
 OK
  Applying accounts.0007_alter_membership_role...
 OK
  Applying admin.0001_initial...
 OK
  Applying admin.0002_logentry_remove_auto_add...
 OK
  Applying admin.0003_logentry_add_action_flag_choices...
 OK
  Applying fees.0001_initial...
 OK
  Applying fees.0002_ledger_is_append_only...
 OK
  Applying results.0001_initial...
 OK
  Applying results.0002_transitions_are_append_only...
 OK
  Applying results.0003_a_released_sheet_stays_released...
 OK
  Applying results.0004_transition_ordering_index_and_blank_reasons...
 OK
  Applying results.0005_conduct_and_skills_ratings...
 OK
  Applying gradebook.0001_initial...
 OK
  Applying gradebook.0002_a_released_mark_stays_released...
 OK
  Applying results.0006_seed_traits_and_scale...
 OK
  Applying results.0007_a_released_card_stays_released...
 OK
  Applying results.0008_report_card_comments...
 OK
  Applying results.0009_a_released_remark_stays_released...
 OK
  Applying results.0010_a_released_remark_outlives_a_class_move...
 OK
  Applying results.0011_a_released_rating_outlives_a_class_move...
 OK
  Applying results.0012_three_term_view_and_promotion...
 OK
  Applying results.0013_a_session_line_and_a_decision_are_append_only...
 OK
  Applying results.0014_a_term_weighted_nothing_is_still_a_term...
 OK
  Applying results.0015_grade_bands...
 OK
  Applying results.0016_the_report_card_snapshot...
 OK
  Applying results.0017_every_frozen_row_hangs_off_a_card...
 OK
  Applying results.0018_a_frozen_card_is_append_only...
 OK
  Applying results.0019_a_card_can_be_reissued...
 OK
  Applying results.0020_no_index_is_built_twice...
 OK
  Applying results.0021_the_rendered_card...
 OK
  Applying results.0022_a_card_owes_a_file_from_the_moment_it_is_released...
 OK
  Applying sessions.0001_initial...
 OK
=== Starting migration
Operations to perform:
  Apply all migrations: academics, accounts, admin, auth, contenttypes, fees, gradebook, results, schools, sessions
Running migrations:
  Applying academics.0001_initial...
 OK
  Applying academics.0002_term_next_term_starts_on_term_school_days_and_more...
 OK
  Applying academics.0003_classgroup_classplacement...
 OK
  Applying academics.0004_classteacher...
 OK
  Applying schools.0001_initial...
 OK
  Applying contenttypes.0001_initial...
 OK
  Applying contenttypes.0002_remove_content_type_name...
 OK
  Applying auth.0001_initial...
 OK
  Applying auth.0002_alter_permission_name_max_length...
 OK
  Applying auth.0003_alter_user_email_max_length...
 OK
  Applying auth.0004_alter_user_username_opts...
 OK
  Applying auth.0005_alter_user_last_login_null...
 OK
  Applying auth.0006_require_contenttypes_0002...
 OK
  Applying auth.0007_alter_validators_add_error_messages...
 OK
  Applying auth.0008_alter_user_username_max_length...
 OK
  Applying auth.0009_alter_user_last_name_max_length...
 OK
  Applying auth.0010_alter_group_name_max_length...
 OK
  Applying auth.0011_update_proxy_permissions...
 OK
  Applying auth.0012_alter_user_first_name_max_length...
 OK
  Applying accounts.0001_initial...
 OK
  Applying accounts.0002_alter_guardianship_guardian_and_more...
 OK
  Applying accounts.0003_alter_user_username...
 OK
  Applying schools.0002_invitation...
 OK
  Applying accounts.0004_transferrequest...
 OK
  Applying accounts.0005_rename_answered_at_transferrequest_resolved_at_and_more...
 OK
  Applying accounts.0006_signinattempts...
 OK
  Applying accounts.0007_alter_membership_role...
 OK
  Applying admin.0001_initial...
 OK
  Applying admin.0002_logentry_remove_auto_add...
 OK
  Applying admin.0003_logentry_add_action_flag_choices...
 OK
  Applying fees.0001_initial...
 OK
  Applying fees.0002_ledger_is_append_only...
 OK
  Applying results.0001_initial...
 OK
  Applying results.0002_transitions_are_append_only...
 OK
  Applying results.0003_a_released_sheet_stays_released...
 OK
  Applying results.0004_transition_ordering_index_and_blank_reasons...
 OK
  Applying results.0005_conduct_and_skills_ratings...
 OK
  Applying gradebook.0001_initial...
 OK
  Applying gradebook.0002_a_released_mark_stays_released...
 OK
  Applying results.0006_seed_traits_and_scale...
 OK
  Applying results.0007_a_released_card_stays_released...
 OK
  Applying results.0008_report_card_comments...
 OK
  Applying results.0009_a_released_remark_stays_released...
 OK
  Applying results.0010_a_released_remark_outlives_a_class_move...
 OK
  Applying results.0011_a_released_rating_outlives_a_class_move...
 OK
  Applying results.0012_three_term_view_and_promotion...
 OK
  Applying results.0013_a_session_line_and_a_decision_are_append_only...
 OK
  Applying results.0014_a_term_weighted_nothing_is_still_a_term...
 OK
  Applying results.0015_grade_bands...
 OK
  Applying results.0016_the_report_card_snapshot...
 OK
  Applying results.0017_every_frozen_row_hangs_off_a_card...
 OK
  Applying results.0018_a_frozen_card_is_append_only...
 OK
  Applying results.0019_a_card_can_be_reissued...
 OK
  Applying results.0020_no_index_is_built_twice...
 OK
  Applying results.0021_the_rendered_card...
 OK
  Applying results.0022_a_card_owes_a_file_from_the_moment_it_is_released...
 OK
  Applying sessions.0001_initial...
 OK
.=== Starting migration
Operations to perform:
  Apply all migrations: academics, accounts, admin, auth, contenttypes, fees, gradebook, results, schools, sessions
Running migrations:
  Applying academics.0001_initial...
 OK
  Applying academics.0002_term_next_term_starts_on_term_school_days_and_more...
 OK
  Applying academics.0003_classgroup_classplacement...
 OK
  Applying academics.0004_classteacher...
 OK
  Applying schools.0001_initial...
 OK
  Applying contenttypes.0001_initial...
 OK
  Applying contenttypes.0002_remove_content_type_name...
 OK
  Applying auth.0001_initial...
 OK
  Applying auth.0002_alter_permission_name_max_length...
 OK
  Applying auth.0003_alter_user_email_max_length...
 OK
  Applying auth.0004_alter_user_username_opts...
 OK
  Applying auth.0005_alter_user_last_login_null...
 OK
  Applying auth.0006_require_contenttypes_0002...
 OK
  Applying auth.0007_alter_validators_add_error_messages...
 OK
  Applying auth.0008_alter_user_username_max_length...
 OK
  Applying auth.0009_alter_user_last_name_max_length...
 OK
  Applying auth.0010_alter_group_name_max_length...
 OK
  Applying auth.0011_update_proxy_permissions...
 OK
  Applying auth.0012_alter_user_first_name_max_length...
 OK
  Applying accounts.0001_initial...
 OK
  Applying accounts.0002_alter_guardianship_guardian_and_more...
 OK
  Applying accounts.0003_alter_user_username...
 OK
  Applying schools.0002_invitation...
 OK
  Applying accounts.0004_transferrequest...
 OK
  Applying accounts.0005_rename_answered_at_transferrequest_resolved_at_and_more...
 OK
  Applying accounts.0006_signinattempts...
 OK
  Applying accounts.0007_alter_membership_role...
 OK
  Applying admin.0001_initial...
 OK
  Applying admin.0002_logentry_remove_auto_add...
 OK
  Applying admin.0003_logentry_add_action_flag_choices...
 OK
  Applying fees.0001_initial...
 OK
  Applying fees.0002_ledger_is_append_only...
 OK
  Applying results.0001_initial...
 OK
  Applying results.0002_transitions_are_append_only...
 OK
  Applying results.0003_a_released_sheet_stays_released...
 OK
  Applying results.0004_transition_ordering_index_and_blank_reasons...
 OK
  Applying results.0005_conduct_and_skills_ratings...
 OK
  Applying gradebook.0001_initial...
 OK
  Applying gradebook.0002_a_released_mark_stays_released...
 OK
  Applying results.0006_seed_traits_and_scale...
 OK
  Applying results.0007_a_released_card_stays_released...
 OK
  Applying results.0008_report_card_comments...
 OK
  Applying results.0009_a_released_remark_stays_released...
 OK
  Applying results.0010_a_released_remark_outlives_a_class_move...
 OK
  Applying results.0011_a_released_rating_outlives_a_class_move...
 OK
  Applying results.0012_three_term_view_and_promotion...
 OK
  Applying results.0013_a_session_line_and_a_decision_are_append_only...
 OK
  Applying results.0014_a_term_weighted_nothing_is_still_a_term...
 OK
  Applying results.0015_grade_bands...
 OK
  Applying results.0016_the_report_card_snapshot...
 OK
  Applying results.0017_every_frozen_row_hangs_off_a_card...
 OK
  Applying results.0018_a_frozen_card_is_append_only...
 OK
  Applying results.0019_a_card_can_be_reissued...
 OK
  Applying results.0020_no_index_is_built_twice...
 OK
  Applying results.0021_the_rendered_card...
 OK
  Applying results.0022_a_card_owes_a_file_from_the_moment_it_is_released...
 OK
  Applying sessions.0001_initial...
 OK
=== Starting migration
Operations to perform:
  Apply all migrations: academics, accounts, admin, auth, contenttypes, fees, gradebook, results, schools, sessions
Running migrations:
  Applying academics.0001_initial...
 OK
  Applying academics.0002_term_next_term_starts_on_term_school_days_and_more...
 OK
  Applying academics.0003_classgroup_classplacement...
 OK
  Applying academics.0004_classteacher...
 OK
  Applying schools.0001_initial...
 OK
  Applying contenttypes.0001_initial...
 OK
  Applying contenttypes.0002_remove_content_type_name...
 OK
  Applying auth.0001_initial...
 OK
  Applying auth.0002_alter_permission_name_max_length...
 OK
  Applying auth.0003_alter_user_email_max_length...
 OK
  Applying auth.0004_alter_user_username_opts...
 OK
  Applying auth.0005_alter_user_last_login_null...
 OK
  Applying auth.0006_require_contenttypes_0002...
 OK
  Applying auth.0007_alter_validators_add_error_messages...
 OK
  Applying auth.0008_alter_user_username_max_length...
 OK
  Applying auth.0009_alter_user_last_name_max_length...
 OK
  Applying auth.0010_alter_group_name_max_length...
 OK
  Applying auth.0011_update_proxy_permissions...
 OK
  Applying auth.0012_alter_user_first_name_max_length...
 OK
  Applying accounts.0001_initial...
 OK
  Applying accounts.0002_alter_guardianship_guardian_and_more...
 OK
  Applying accounts.0003_alter_user_username...
 OK
  Applying schools.0002_invitation...
 OK
  Applying accounts.0004_transferrequest...
 OK
  Applying accounts.0005_rename_answered_at_transferrequest_resolved_at_and_more...
 OK
  Applying accounts.0006_signinattempts...
 OK
  Applying accounts.0007_alter_membership_role...
 OK
  Applying admin.0001_initial...
 OK
  Applying admin.0002_logentry_remove_auto_add...
 OK
  Applying admin.0003_logentry_add_action_flag_choices...
 OK
  Applying fees.0001_initial...
 OK
  Applying fees.0002_ledger_is_append_only...
 OK
  Applying results.0001_initial...
 OK
  Applying results.0002_transitions_are_append_only...
 OK
  Applying results.0003_a_released_sheet_stays_released...
 OK
  Applying results.0004_transition_ordering_index_and_blank_reasons...
 OK
  Applying results.0005_conduct_and_skills_ratings...
 OK
  Applying gradebook.0001_initial...
 OK
  Applying gradebook.0002_a_released_mark_stays_released...
 OK
  Applying results.0006_seed_traits_and_scale...
 OK
  Applying results.0007_a_released_card_stays_released...
 OK
  Applying results.0008_report_card_comments...
 OK
  Applying results.0009_a_released_remark_stays_released...
 OK
  Applying results.0010_a_released_remark_outlives_a_class_move...
 OK
  Applying results.0011_a_released_rating_outlives_a_class_move...
 OK
  Applying results.0012_three_term_view_and_promotion...
 OK
  Applying results.0013_a_session_line_and_a_decision_are_append_only...
 OK
  Applying results.0014_a_term_weighted_nothing_is_still_a_term...
 OK
  Applying results.0015_grade_bands...
 OK
  Applying results.0016_the_report_card_snapshot...
 OK
  Applying results.0017_every_frozen_row_hangs_off_a_card...
 OK
  Applying results.0018_a_frozen_card_is_append_only...
 OK
  Applying results.0019_a_card_can_be_reissued...
 OK
  Applying results.0020_no_index_is_built_twice...
 OK
  Applying results.0021_the_rendered_card...
 OK
  Applying results.0022_a_card_owes_a_file_from_the_moment_it_is_released...
 OK
  Applying sessions.0001_initial...
 OK
.=== Starting migration
Operations to perform:
  Apply all migrations: academics, accounts, admin, auth, contenttypes, fees, gradebook, results, schools, sessions
Running migrations:
  Applying academics.0001_initial...
 OK
  Applying academics.0002_term_next_term_starts_on_term_school_days_and_more...
 OK
  Applying academics.0003_classgroup_classplacement...
 OK
  Applying academics.0004_classteacher...
 OK
  Applying schools.0001_initial...
 OK
  Applying contenttypes.0001_initial...
 OK
  Applying contenttypes.0002_remove_content_type_name...
 OK
  Applying auth.0001_initial...
 OK
  Applying auth.0002_alter_permission_name_max_length...
 OK
  Applying auth.0003_alter_user_email_max_length...
 OK
  Applying auth.0004_alter_user_username_opts...
 OK
  Applying auth.0005_alter_user_last_login_null...
 OK
  Applying auth.0006_require_contenttypes_0002...
 OK
  Applying auth.0007_alter_validators_add_error_messages...
 OK
  Applying auth.0008_alter_user_username_max_length...
 OK
  Applying auth.0009_alter_user_last_name_max_length...
 OK
  Applying auth.0010_alter_group_name_max_length...
 OK
  Applying auth.0011_update_proxy_permissions...
 OK
  Applying auth.0012_alter_user_first_name_max_length...
 OK
  Applying accounts.0001_initial...
 OK
  Applying accounts.0002_alter_guardianship_guardian_and_more...
 OK
  Applying accounts.0003_alter_user_username...
 OK
  Applying schools.0002_invitation...
 OK
  Applying accounts.0004_transferrequest...
 OK
  Applying accounts.0005_rename_answered_at_transferrequest_resolved_at_and_more...
 OK
  Applying accounts.0006_signinattempts...
 OK
  Applying accounts.0007_alter_membership_role...
 OK
  Applying admin.0001_initial...
 OK
  Applying admin.0002_logentry_remove_auto_add...
 OK
  Applying admin.0003_logentry_add_action_flag_choices...
 OK
  Applying fees.0001_initial...
 OK
  Applying fees.0002_ledger_is_append_only...
 OK
  Applying results.0001_initial...
 OK
  Applying results.0002_transitions_are_append_only...
 OK
  Applying results.0003_a_released_sheet_stays_released...
 OK
  Applying results.0004_transition_ordering_index_and_blank_reasons...
 OK
  Applying results.0005_conduct_and_skills_ratings...
 OK
  Applying gradebook.0001_initial...
 OK
  Applying gradebook.0002_a_released_mark_stays_released...
 OK
  Applying results.0006_seed_traits_and_scale...
 OK
  Applying results.0007_a_released_card_stays_released...
 OK
  Applying results.0008_report_card_comments...
 OK
  Applying results.0009_a_released_remark_stays_released...
 OK
  Applying results.0010_a_released_remark_outlives_a_class_move...
 OK
  Applying results.0011_a_released_rating_outlives_a_class_move...
 OK
  Applying results.0012_three_term_view_and_promotion...
 OK
  Applying results.0013_a_session_line_and_a_decision_are_append_only...
 OK
  Applying results.0014_a_term_weighted_nothing_is_still_a_term...
 OK
  Applying results.0015_grade_bands...
 OK
  Applying results.0016_the_report_card_snapshot...
 OK
  Applying results.0017_every_frozen_row_hangs_off_a_card...
 OK
  Applying results.0018_a_frozen_card_is_append_only...
 OK
  Applying results.0019_a_card_can_be_reissued...
 OK
  Applying results.0020_no_index_is_built_twice...
 OK
  Applying results.0021_the_rendered_card...
 OK
  Applying results.0022_a_card_owes_a_file_from_the_moment_it_is_released...
 OK
  Applying sessions.0001_initial...
 OK
=== Starting migration
Operations to perform:
  Apply all migrations: academics, accounts, admin, auth, contenttypes, fees, gradebook, results, schools, sessions
Running migrations:
  Applying academics.0001_initial...
 OK
  Applying academics.0002_term_next_term_starts_on_term_school_days_and_more...
 OK
  Applying academics.0003_classgroup_classplacement...
 OK
  Applying academics.0004_classteacher...
 OK
  Applying schools.0001_initial...
 OK
  Applying contenttypes.0001_initial...
 OK
  Applying contenttypes.0002_remove_content_type_name...
 OK
  Applying auth.0001_initial...
 OK
  Applying auth.0002_alter_permission_name_max_length...
 OK
  Applying auth.0003_alter_user_email_max_length...
 OK
  Applying auth.0004_alter_user_username_opts...
 OK
  Applying auth.0005_alter_user_last_login_null...
 OK
  Applying auth.0006_require_contenttypes_0002...
 OK
  Applying auth.0007_alter_validators_add_error_messages...
 OK
  Applying auth.0008_alter_user_username_max_length...
 OK
  Applying auth.0009_alter_user_last_name_max_length...
 OK
  Applying auth.0010_alter_group_name_max_length...
 OK
  Applying auth.0011_update_proxy_permissions...
 OK
  Applying auth.0012_alter_user_first_name_max_length...
 OK
  Applying accounts.0001_initial...
 OK
  Applying accounts.0002_alter_guardianship_guardian_and_more...
 OK
  Applying accounts.0003_alter_user_username...
 OK
  Applying schools.0002_invitation...
 OK
  Applying accounts.0004_transferrequest...
 OK
  Applying accounts.0005_rename_answered_at_transferrequest_resolved_at_and_more...
 OK
  Applying accounts.0006_signinattempts...
 OK
  Applying accounts.0007_alter_membership_role...
 OK
  Applying admin.0001_initial...
 OK
  Applying admin.0002_logentry_remove_auto_add...
 OK
  Applying admin.0003_logentry_add_action_flag_choices...
 OK
  Applying fees.0001_initial...
 OK
  Applying fees.0002_ledger_is_append_only...
 OK
  Applying results.0001_initial...
 OK
  Applying results.0002_transitions_are_append_only...
 OK
  Applying results.0003_a_released_sheet_stays_released...
 OK
  Applying results.0004_transition_ordering_index_and_blank_reasons...
 OK
  Applying results.0005_conduct_and_skills_ratings...
 OK
  Applying gradebook.0001_initial...
 OK
  Applying gradebook.0002_a_released_mark_stays_released...
 OK
  Applying results.0006_seed_traits_and_scale...
 OK
  Applying results.0007_a_released_card_stays_released...
 OK
  Applying results.0008_report_card_comments...
 OK
  Applying results.0009_a_released_remark_stays_released...
 OK
  Applying results.0010_a_released_remark_outlives_a_class_move...
 OK
  Applying results.0011_a_released_rating_outlives_a_class_move...
 OK
  Applying results.0012_three_term_view_and_promotion...
 OK
  Applying results.0013_a_session_line_and_a_decision_are_append_only...
 OK
  Applying results.0014_a_term_weighted_nothing_is_still_a_term...
 OK
  Applying results.0015_grade_bands...
 OK
  Applying results.0016_the_report_card_snapshot...
 OK
  Applying results.0017_every_frozen_row_hangs_off_a_card...
 OK
  Applying results.0018_a_frozen_card_is_append_only...
 OK
  Applying results.0019_a_card_can_be_reissued...
 OK
  Applying results.0020_no_index_is_built_twice...
 OK
  Applying results.0021_the_rendered_card...
 OK
  Applying results.0022_a_card_owes_a_file_from_the_moment_it_is_released...
 OK
  Applying sessions.0001_initial...
 OK
.=== Starting migration
Operations to perform:
  Apply all migrations: academics, accounts, admin, auth, contenttypes, fees, gradebook, results, schools, sessions
Running migrations:
  Applying academics.0001_initial...
 OK
  Applying academics.0002_term_next_term_starts_on_term_school_days_and_more...
 OK
  Applying academics.0003_classgroup_classplacement...
 OK
  Applying academics.0004_classteacher...
 OK
  Applying schools.0001_initial...
 OK
  Applying contenttypes.0001_initial...
 OK
  Applying contenttypes.0002_remove_content_type_name...
 OK
  Applying auth.0001_initial...
 OK
  Applying auth.0002_alter_permission_name_max_length...
 OK
  Applying auth.0003_alter_user_email_max_length...
 OK
  Applying auth.0004_alter_user_username_opts...
 OK
  Applying auth.0005_alter_user_last_login_null...
 OK
  Applying auth.0006_require_contenttypes_0002...
 OK
  Applying auth.0007_alter_validators_add_error_messages...
 OK
  Applying auth.0008_alter_user_username_max_length...
 OK
  Applying auth.0009_alter_user_last_name_max_length...
 OK
  Applying auth.0010_alter_group_name_max_length...
 OK
  Applying auth.0011_update_proxy_permissions...
 OK
  Applying auth.0012_alter_user_first_name_max_length...
 OK
  Applying accounts.0001_initial...
 OK
  Applying accounts.0002_alter_guardianship_guardian_and_more...
 OK
  Applying accounts.0003_alter_user_username...
 OK
  Applying schools.0002_invitation...
 OK
  Applying accounts.0004_transferrequest...
 OK
  Applying accounts.0005_rename_answered_at_transferrequest_resolved_at_and_more...
 OK
  Applying accounts.0006_signinattempts...
 OK
  Applying accounts.0007_alter_membership_role...
 OK
  Applying admin.0001_initial...
 OK
  Applying admin.0002_logentry_remove_auto_add...
 OK
  Applying admin.0003_logentry_add_action_flag_choices...
 OK
  Applying fees.0001_initial...
 OK
  Applying fees.0002_ledger_is_append_only...
 OK
  Applying results.0001_initial...
 OK
  Applying results.0002_transitions_are_append_only...
 OK
  Applying results.0003_a_released_sheet_stays_released...
 OK
  Applying results.0004_transition_ordering_index_and_blank_reasons...
 OK
  Applying results.0005_conduct_and_skills_ratings...
 OK
  Applying gradebook.0001_initial...
 OK
  Applying gradebook.0002_a_released_mark_stays_released...
 OK
  Applying results.0006_seed_traits_and_scale...
 OK
  Applying results.0007_a_released_card_stays_released...
 OK
  Applying results.0008_report_card_comments...
 OK
  Applying results.0009_a_released_remark_stays_released...
 OK
  Applying results.0010_a_released_remark_outlives_a_class_move...
 OK
  Applying results.0011_a_released_rating_outlives_a_class_move...
 OK
  Applying results.0012_three_term_view_and_promotion...
 OK
  Applying results.0013_a_session_line_and_a_decision_are_append_only...
 OK
  Applying results.0014_a_term_weighted_nothing_is_still_a_term...
 OK
  Applying results.0015_grade_bands...
 OK
  Applying results.0016_the_report_card_snapshot...
 OK
  Applying results.0017_every_frozen_row_hangs_off_a_card...
 OK
  Applying results.0018_a_frozen_card_is_append_only...
 OK
  Applying results.0019_a_card_can_be_reissued...
 OK
  Applying results.0020_no_index_is_built_twice...
 OK
  Applying results.0021_the_rendered_card...
 OK
  Applying results.0022_a_card_owes_a_file_from_the_moment_it_is_released...
 OK
  Applying sessions.0001_initial...
 OK
=== Starting migration
Operations to perform:
  Apply all migrations: academics, accounts, admin, auth, contenttypes, fees, gradebook, results, schools, sessions
Running migrations:
  Applying academics.0001_initial...
 OK
  Applying academics.0002_term_next_term_starts_on_term_school_days_and_more...
 OK
  Applying academics.0003_classgroup_classplacement...
 OK
  Applying academics.0004_classteacher...
 OK
  Applying schools.0001_initial...
 OK
  Applying contenttypes.0001_initial...
 OK
  Applying contenttypes.0002_remove_content_type_name...
 OK
  Applying auth.0001_initial...
 OK
  Applying auth.0002_alter_permission_name_max_length...
 OK
  Applying auth.0003_alter_user_email_max_length...
 OK
  Applying auth.0004_alter_user_username_opts...
 OK
  Applying auth.0005_alter_user_last_login_null...
 OK
  Applying auth.0006_require_contenttypes_0002...
 OK
  Applying auth.0007_alter_validators_add_error_messages...
 OK
  Applying auth.0008_alter_user_username_max_length...
 OK
  Applying auth.0009_alter_user_last_name_max_length...
 OK
  Applying auth.0010_alter_group_name_max_length...
 OK
  Applying auth.0011_update_proxy_permissions...
 OK
  Applying auth.0012_alter_user_first_name_max_length...
 OK
  Applying accounts.0001_initial...
 OK
  Applying accounts.0002_alter_guardianship_guardian_and_more...
 OK
  Applying accounts.0003_alter_user_username...
 OK
  Applying schools.0002_invitation...
 OK
  Applying accounts.0004_transferrequest...
 OK
  Applying accounts.0005_rename_answered_at_transferrequest_resolved_at_and_more...
 OK
  Applying accounts.0006_signinattempts...
 OK
  Applying accounts.0007_alter_membership_role...
 OK
  Applying admin.0001_initial...
 OK
  Applying admin.0002_logentry_remove_auto_add...
 OK
  Applying admin.0003_logentry_add_action_flag_choices...
 OK
  Applying fees.0001_initial...
 OK
  Applying fees.0002_ledger_is_append_only...
 OK
  Applying results.0001_initial...
 OK
  Applying results.0002_transitions_are_append_only...
 OK
  Applying results.0003_a_released_sheet_stays_released...
 OK
  Applying results.0004_transition_ordering_index_and_blank_reasons...
 OK
  Applying results.0005_conduct_and_skills_ratings...
 OK
  Applying gradebook.0001_initial...
 OK
  Applying gradebook.0002_a_released_mark_stays_released...
 OK
  Applying results.0006_seed_traits_and_scale...
 OK
  Applying results.0007_a_released_card_stays_released...
 OK
  Applying results.0008_report_card_comments...
 OK
  Applying results.0009_a_released_remark_stays_released...
 OK
  Applying results.0010_a_released_remark_outlives_a_class_move...
 OK
  Applying results.0011_a_released_rating_outlives_a_class_move...
 OK
  Applying results.0012_three_term_view_and_promotion...
 OK
  Applying results.0013_a_session_line_and_a_decision_are_append_only...
 OK
  Applying results.0014_a_term_weighted_nothing_is_still_a_term...
 OK
  Applying results.0015_grade_bands...
 OK
  Applying results.0016_the_report_card_snapshot...
 OK
  Applying results.0017_every_frozen_row_hangs_off_a_card...
 OK
  Applying results.0018_a_frozen_card_is_append_only...
 OK
  Applying results.0019_a_card_can_be_reissued...
 OK
  Applying results.0020_no_index_is_built_twice...
 OK
  Applying results.0021_the_rendered_card...
 OK
  Applying results.0022_a_card_owes_a_file_from_the_moment_it_is_released...
 OK
  Applying sessions.0001_initial...
 OK
.=== Starting migration
Operations to perform:
  Apply all migrations: academics, accounts, admin, auth, contenttypes, fees, gradebook, results, schools, sessions
Running migrations:
  Applying academics.0001_initial...
 OK
  Applying academics.0002_term_next_term_starts_on_term_school_days_and_more...
 OK
  Applying academics.0003_classgroup_classplacement...
 OK
  Applying academics.0004_classteacher...
 OK
  Applying schools.0001_initial...
 OK
  Applying contenttypes.0001_initial...
 OK
  Applying contenttypes.0002_remove_content_type_name...
 OK
  Applying auth.0001_initial...
 OK
  Applying auth.0002_alter_permission_name_max_length...
 OK
  Applying auth.0003_alter_user_email_max_length...
 OK
  Applying auth.0004_alter_user_username_opts...
 OK
  Applying auth.0005_alter_user_last_login_null...
 OK
  Applying auth.0006_require_contenttypes_0002...
 OK
  Applying auth.0007_alter_validators_add_error_messages...
 OK
  Applying auth.0008_alter_user_username_max_length...
 OK
  Applying auth.0009_alter_user_last_name_max_length...
 OK
  Applying auth.0010_alter_group_name_max_length...
 OK
  Applying auth.0011_update_proxy_permissions...
 OK
  Applying auth.0012_alter_user_first_name_max_length...
 OK
  Applying accounts.0001_initial...
 OK
  Applying accounts.0002_alter_guardianship_guardian_and_more...
 OK
  Applying accounts.0003_alter_user_username...
 OK
  Applying schools.0002_invitation...
 OK
  Applying accounts.0004_transferrequest...
 OK
  Applying accounts.0005_rename_answered_at_transferrequest_resolved_at_and_more...
 OK
  Applying accounts.0006_signinattempts...
 OK
  Applying accounts.0007_alter_membership_role...
 OK
  Applying admin.0001_initial...
 OK
  Applying admin.0002_logentry_remove_auto_add...
 OK
  Applying admin.0003_logentry_add_action_flag_choices...
 OK
  Applying fees.0001_initial...
 OK
  Applying fees.0002_ledger_is_append_only...
 OK
  Applying results.0001_initial...
 OK
  Applying results.0002_transitions_are_append_only...
 OK
  Applying results.0003_a_released_sheet_stays_released...
 OK
  Applying results.0004_transition_ordering_index_and_blank_reasons...
 OK
  Applying results.0005_conduct_and_skills_ratings...
 OK
  Applying gradebook.0001_initial...
 OK
  Applying gradebook.0002_a_released_mark_stays_released...
 OK
  Applying results.0006_seed_traits_and_scale...
 OK
  Applying results.0007_a_released_card_stays_released...
 OK
  Applying results.0008_report_card_comments...
 OK
  Applying results.0009_a_released_remark_stays_released...
 OK
  Applying results.0010_a_released_remark_outlives_a_class_move...
 OK
  Applying results.0011_a_released_rating_outlives_a_class_move...
 OK
  Applying results.0012_three_term_view_and_promotion...
 OK
  Applying results.0013_a_session_line_and_a_decision_are_append_only...
 OK
  Applying results.0014_a_term_weighted_nothing_is_still_a_term...
 OK
  Applying results.0015_grade_bands...
 OK
  Applying results.0016_the_report_card_snapshot...
 OK
  Applying results.0017_every_frozen_row_hangs_off_a_card...
 OK
  Applying results.0018_a_frozen_card_is_append_only...
 OK
  Applying results.0019_a_card_can_be_reissued...
 OK
  Applying results.0020_no_index_is_built_twice...
 OK
  Applying results.0021_the_rendered_card...
 OK
  Applying results.0022_a_card_owes_a_file_from_the_moment_it_is_released...
 OK
  Applying sessions.0001_initial...
 OK
=== Starting migration
Operations to perform:
  Apply all migrations: academics, accounts, admin, auth, contenttypes, fees, gradebook, results, schools, sessions
Running migrations:
  Applying academics.0001_initial...
 OK
  Applying academics.0002_term_next_term_starts_on_term_school_days_and_more...
 OK
  Applying academics.0003_classgroup_classplacement...
 OK
  Applying academics.0004_classteacher...
 OK
  Applying schools.0001_initial...
 OK
  Applying contenttypes.0001_initial...
 OK
  Applying contenttypes.0002_remove_content_type_name...
 OK
  Applying auth.0001_initial...
 OK
  Applying auth.0002_alter_permission_name_max_length...
 OK
  Applying auth.0003_alter_user_email_max_length...
 OK
  Applying auth.0004_alter_user_username_opts...
 OK
  Applying auth.0005_alter_user_last_login_null...
 OK
  Applying auth.0006_require_contenttypes_0002...
 OK
  Applying auth.0007_alter_validators_add_error_messages...
 OK
  Applying auth.0008_alter_user_username_max_length...
 OK
  Applying auth.0009_alter_user_last_name_max_length...
 OK
  Applying auth.0010_alter_group_name_max_length...
 OK
  Applying auth.0011_update_proxy_permissions...
 OK
  Applying auth.0012_alter_user_first_name_max_length...
 OK
  Applying accounts.0001_initial...
 OK
  Applying accounts.0002_alter_guardianship_guardian_and_more...
 OK
  Applying accounts.0003_alter_user_username...
 OK
  Applying schools.0002_invitation...
 OK
  Applying accounts.0004_transferrequest...
 OK
  Applying accounts.0005_rename_answered_at_transferrequest_resolved_at_and_more...
 OK
  Applying accounts.0006_signinattempts...
 OK
  Applying accounts.0007_alter_membership_role...
 OK
  Applying admin.0001_initial...
 OK
  Applying admin.0002_logentry_remove_auto_add...
 OK
  Applying admin.0003_logentry_add_action_flag_choices...
 OK
  Applying fees.0001_initial...
 OK
  Applying fees.0002_ledger_is_append_only...
 OK
  Applying results.0001_initial...
 OK
  Applying results.0002_transitions_are_append_only...
 OK
  Applying results.0003_a_released_sheet_stays_released...
 OK
  Applying results.0004_transition_ordering_index_and_blank_reasons...
 OK
  Applying results.0005_conduct_and_skills_ratings...
 OK
  Applying gradebook.0001_initial...
 OK
  Applying gradebook.0002_a_released_mark_stays_released...
 OK
  Applying results.0006_seed_traits_and_scale...
 OK
  Applying results.0007_a_released_card_stays_released...
 OK
  Applying results.0008_report_card_comments...
 OK
  Applying results.0009_a_released_remark_stays_released...
 OK
  Applying results.0010_a_released_remark_outlives_a_class_move...
 OK
  Applying results.0011_a_released_rating_outlives_a_class_move...
 OK
  Applying results.0012_three_term_view_and_promotion...
 OK
  Applying results.0013_a_session_line_and_a_decision_are_append_only...
 OK
  Applying results.0014_a_term_weighted_nothing_is_still_a_term...
 OK
  Applying results.0015_grade_bands...
 OK
  Applying results.0016_the_report_card_snapshot...
 OK
  Applying results.0017_every_frozen_row_hangs_off_a_card...
 OK
  Applying results.0018_a_frozen_card_is_append_only...
 OK
  Applying results.0019_a_card_can_be_reissued...
 OK
  Applying results.0020_no_index_is_built_twice...
 OK
  Applying results.0021_the_rendered_card...
 OK
  Applying results.0022_a_card_owes_a_file_from_the_moment_it_is_released...
 OK
  Applying sessions.0001_initial...
 OK
....=== Starting migration
Operations to perform:
  Apply all migrations: academics, accounts, admin, auth, contenttypes, fees, gradebook, results, schools, sessions
Running migrations:
  Applying academics.0001_initial...
 OK
  Applying academics.0002_term_next_term_starts_on_term_school_days_and_more...
 OK
  Applying academics.0003_classgroup_classplacement...
 OK
  Applying academics.0004_classteacher...
 OK
  Applying schools.0001_initial...
 OK
  Applying contenttypes.0001_initial...
 OK
  Applying contenttypes.0002_remove_content_type_name...
 OK
  Applying auth.0001_initial...
 OK
  Applying auth.0002_alter_permission_name_max_length...
 OK
  Applying auth.0003_alter_user_email_max_length...
 OK
  Applying auth.0004_alter_user_username_opts...
 OK
  Applying auth.0005_alter_user_last_login_null...
 OK
  Applying auth.0006_require_contenttypes_0002...
 OK
  Applying auth.0007_alter_validators_add_error_messages...
 OK
  Applying auth.0008_alter_user_username_max_length...
 OK
  Applying auth.0009_alter_user_last_name_max_length...
 OK
  Applying auth.0010_alter_group_name_max_length...
 OK
  Applying auth.0011_update_proxy_permissions...
 OK
  Applying auth.0012_alter_user_first_name_max_length...
 OK
  Applying accounts.0001_initial...
 OK
  Applying accounts.0002_alter_guardianship_guardian_and_more...
 OK
  Applying accounts.0003_alter_user_username...
 OK
  Applying schools.0002_invitation...
 OK
  Applying accounts.0004_transferrequest...
 OK
  Applying accounts.0005_rename_answered_at_transferrequest_resolved_at_and_more...
 OK
  Applying accounts.0006_signinattempts...
 OK
  Applying accounts.0007_alter_membership_role...
 OK
  Applying admin.0001_initial...
 OK
  Applying admin.0002_logentry_remove_auto_add...
 OK
  Applying admin.0003_logentry_add_action_flag_choices...
 OK
  Applying fees.0001_initial...
 OK
  Applying fees.0002_ledger_is_append_only...
 OK
  Applying results.0001_initial...
 OK
  Applying results.0002_transitions_are_append_only...
 OK
  Applying results.0003_a_released_sheet_stays_released...
 OK
  Applying results.0004_transition_ordering_index_and_blank_reasons...
 OK
  Applying results.0005_conduct_and_skills_ratings...
 OK
  Applying gradebook.0001_initial...
 OK
  Applying gradebook.0002_a_released_mark_stays_released...
 OK
  Applying results.0006_seed_traits_and_scale...
 OK
  Applying results.0007_a_released_card_stays_released...
 OK
  Applying results.0008_report_card_comments...
 OK
  Applying results.0009_a_released_remark_stays_released...
 OK
  Applying results.0010_a_released_remark_outlives_a_class_move...
 OK
  Applying results.0011_a_released_rating_outlives_a_class_move...
 OK
  Applying results.0012_three_term_view_and_promotion...
 OK
  Applying results.0013_a_session_line_and_a_decision_are_append_only...
 OK
  Applying results.0014_a_term_weighted_nothing_is_still_a_term...
 OK
  Applying results.0015_grade_bands...
 OK
  Applying results.0016_the_report_card_snapshot...
 OK
  Applying results.0017_every_frozen_row_hangs_off_a_card...
 OK
  Applying results.0018_a_frozen_card_is_append_only...
 OK
  Applying results.0019_a_card_can_be_reissued...
 OK
  Applying results.0020_no_index_is_built_twice...
 OK
  Applying results.0021_the_rendered_card...
 OK
  Applying results.0022_a_card_owes_a_file_from_the_moment_it_is_released...
 OK
  Applying sessions.0001_initial...
 OK
=== Starting migration
Operations to perform:
  Apply all migrations: academics, accounts, admin, auth, contenttypes, fees, gradebook, results, schools, sessions
Running migrations:
  Applying academics.0001_initial...
 OK
  Applying academics.0002_term_next_term_starts_on_term_school_days_and_more...
 OK
  Applying academics.0003_classgroup_classplacement...
 OK
  Applying academics.0004_classteacher...
 OK
  Applying schools.0001_initial...
 OK
  Applying contenttypes.0001_initial...
 OK
  Applying contenttypes.0002_remove_content_type_name...
 OK
  Applying auth.0001_initial...
 OK
  Applying auth.0002_alter_permission_name_max_length...
 OK
  Applying auth.0003_alter_user_email_max_length...
 OK
  Applying auth.0004_alter_user_username_opts...
 OK
  Applying auth.0005_alter_user_last_login_null...
 OK
  Applying auth.0006_require_contenttypes_0002...
 OK
  Applying auth.0007_alter_validators_add_error_messages...
 OK
  Applying auth.0008_alter_user_username_max_length...
 OK
  Applying auth.0009_alter_user_last_name_max_length...
 OK
  Applying auth.0010_alter_group_name_max_length...
 OK
  Applying auth.0011_update_proxy_permissions...
 OK
  Applying auth.0012_alter_user_first_name_max_length...
 OK
  Applying accounts.0001_initial...
 OK
  Applying accounts.0002_alter_guardianship_guardian_and_more...
 OK
  Applying accounts.0003_alter_user_username...
 OK
  Applying schools.0002_invitation...
 OK
  Applying accounts.0004_transferrequest...
 OK
  Applying accounts.0005_rename_answered_at_transferrequest_resolved_at_and_more...
 OK
  Applying accounts.0006_signinattempts...
 OK
  Applying accounts.0007_alter_membership_role...
 OK
  Applying admin.0001_initial...
 OK
  Applying admin.0002_logentry_remove_auto_add...
 OK
  Applying admin.0003_logentry_add_action_flag_choices...
 OK
  Applying fees.0001_initial...
 OK
  Applying fees.0002_ledger_is_append_only...
 OK
  Applying results.0001_initial...
 OK
  Applying results.0002_transitions_are_append_only...
 OK
  Applying results.0003_a_released_sheet_stays_released...
 OK
  Applying results.0004_transition_ordering_index_and_blank_reasons...
 OK
  Applying results.0005_conduct_and_skills_ratings...
 OK
  Applying gradebook.0001_initial...
 OK
  Applying gradebook.0002_a_released_mark_stays_released...
 OK
  Applying results.0006_seed_traits_and_scale...
 OK
  Applying results.0007_a_released_card_stays_released...
 OK
  Applying results.0008_report_card_comments...
 OK
  Applying results.0009_a_released_remark_stays_released...
 OK
  Applying results.0010_a_released_remark_outlives_a_class_move...
 OK
  Applying results.0011_a_released_rating_outlives_a_class_move...
 OK
  Applying results.0012_three_term_view_and_promotion...
 OK
  Applying results.0013_a_session_line_and_a_decision_are_append_only...
 OK
  Applying results.0014_a_term_weighted_nothing_is_still_a_term...
 OK
  Applying results.0015_grade_bands...
 OK
  Applying results.0016_the_report_card_snapshot...
 OK
  Applying results.0017_every_frozen_row_hangs_off_a_card...
 OK
  Applying results.0018_a_frozen_card_is_append_only...
 OK
  Applying results.0019_a_card_can_be_reissued...
 OK
  Applying results.0020_no_index_is_built_twice...
 OK
  Applying results.0021_the_rendered_card...
 OK
  Applying results.0022_a_card_owes_a_file_from_the_moment_it_is_released...
 OK
  Applying sessions.0001_initial...
 OK
.=== Starting migration
Operations to perform:
  Apply all migrations: academics, accounts, admin, auth, contenttypes, fees, gradebook, results, schools, sessions
Running migrations:
  Applying academics.0001_initial...
 OK
  Applying academics.0002_term_next_term_starts_on_term_school_days_and_more...
 OK
  Applying academics.0003_classgroup_classplacement...
 OK
  Applying academics.0004_classteacher...
 OK
  Applying schools.0001_initial...
 OK
  Applying contenttypes.0001_initial...
 OK
  Applying contenttypes.0002_remove_content_type_name...
 OK
  Applying auth.0001_initial...
 OK
  Applying auth.0002_alter_permission_name_max_length...
 OK
  Applying auth.0003_alter_user_email_max_length...
 OK
  Applying auth.0004_alter_user_username_opts...
 OK
  Applying auth.0005_alter_user_last_login_null...
 OK
  Applying auth.0006_require_contenttypes_0002...
 OK
  Applying auth.0007_alter_validators_add_error_messages...
 OK
  Applying auth.0008_alter_user_username_max_length...
 OK
  Applying auth.0009_alter_user_last_name_max_length...
 OK
  Applying auth.0010_alter_group_name_max_length...
 OK
  Applying auth.0011_update_proxy_permissions...
 OK
  Applying auth.0012_alter_user_first_name_max_length...
 OK
  Applying accounts.0001_initial...
 OK
  Applying accounts.0002_alter_guardianship_guardian_and_more...
 OK
  Applying accounts.0003_alter_user_username...
 OK
  Applying schools.0002_invitation...
 OK
  Applying accounts.0004_transferrequest...
 OK
  Applying accounts.0005_rename_answered_at_transferrequest_resolved_at_and_more...
 OK
  Applying accounts.0006_signinattempts...
 OK
  Applying accounts.0007_alter_membership_role...
 OK
  Applying admin.0001_initial...
 OK
  Applying admin.0002_logentry_remove_auto_add...
 OK
  Applying admin.0003_logentry_add_action_flag_choices...
 OK
  Applying fees.0001_initial...
 OK
  Applying fees.0002_ledger_is_append_only...
 OK
  Applying results.0001_initial...
 OK
  Applying results.0002_transitions_are_append_only...
 OK
  Applying results.0003_a_released_sheet_stays_released...
 OK
  Applying results.0004_transition_ordering_index_and_blank_reasons...
 OK
  Applying results.0005_conduct_and_skills_ratings...
 OK
  Applying gradebook.0001_initial...
 OK
  Applying gradebook.0002_a_released_mark_stays_released...
 OK
  Applying results.0006_seed_traits_and_scale...
 OK
  Applying results.0007_a_released_card_stays_released...
 OK
  Applying results.0008_report_card_comments...
 OK
  Applying results.0009_a_released_remark_stays_released...
 OK
  Applying results.0010_a_released_remark_outlives_a_class_move...
 OK
  Applying results.0011_a_released_rating_outlives_a_class_move...
 OK
  Applying results.0012_three_term_view_and_promotion...
 OK
  Applying results.0013_a_session_line_and_a_decision_are_append_only...
 OK
  Applying results.0014_a_term_weighted_nothing_is_still_a_term...
 OK
  Applying results.0015_grade_bands...
 OK
  Applying results.0016_the_report_card_snapshot...
 OK
  Applying results.0017_every_frozen_row_hangs_off_a_card...
 OK
  Applying results.0018_a_frozen_card_is_append_only...
 OK
  Applying results.0019_a_card_can_be_reissued...
 OK
  Applying results.0020_no_index_is_built_twice...
 OK
  Applying results.0021_the_rendered_card...
 OK
  Applying results.0022_a_card_owes_a_file_from_the_moment_it_is_released...
 OK
  Applying sessions.0001_initial...
 OK
=== Starting migration
Operations to perform:
  Apply all migrations: academics, accounts, admin, auth, contenttypes, fees, gradebook, results, schools, sessions
Running migrations:
  Applying academics.0001_initial...
 OK
  Applying academics.0002_term_next_term_starts_on_term_school_days_and_more...
 OK
  Applying academics.0003_classgroup_classplacement...
 OK
  Applying academics.0004_classteacher...
 OK
  Applying schools.0001_initial...
 OK
  Applying contenttypes.0001_initial...
 OK
  Applying contenttypes.0002_remove_content_type_name...
 OK
  Applying auth.0001_initial...
 OK
  Applying auth.0002_alter_permission_name_max_length...
 OK
  Applying auth.0003_alter_user_email_max_length...
 OK
  Applying auth.0004_alter_user_username_opts...
 OK
  Applying auth.0005_alter_user_last_login_null...
 OK
  Applying auth.0006_require_contenttypes_0002...
 OK
  Applying auth.0007_alter_validators_add_error_messages...
 OK
  Applying auth.0008_alter_user_username_max_length...
 OK
  Applying auth.0009_alter_user_last_name_max_length...
 OK
  Applying auth.0010_alter_group_name_max_length...
 OK
  Applying auth.0011_update_proxy_permissions...
 OK
  Applying auth.0012_alter_user_first_name_max_length...
 OK
  Applying accounts.0001_initial...
 OK
  Applying accounts.0002_alter_guardianship_guardian_and_more...
 OK
  Applying accounts.0003_alter_user_username...
 OK
  Applying schools.0002_invitation...
 OK
  Applying accounts.0004_transferrequest...
 OK
  Applying accounts.0005_rename_answered_at_transferrequest_resolved_at_and_more...
 OK
  Applying accounts.0006_signinattempts...
 OK
  Applying accounts.0007_alter_membership_role...
 OK
  Applying admin.0001_initial...
 OK
  Applying admin.0002_logentry_remove_auto_add...
 OK
  Applying admin.0003_logentry_add_action_flag_choices...
 OK
  Applying fees.0001_initial...
 OK
  Applying fees.0002_ledger_is_append_only...
 OK
  Applying results.0001_initial...
 OK
  Applying results.0002_transitions_are_append_only...
 OK
  Applying results.0003_a_released_sheet_stays_released...
 OK
  Applying results.0004_transition_ordering_index_and_blank_reasons...
 OK
  Applying results.0005_conduct_and_skills_ratings...
 OK
  Applying gradebook.0001_initial...
 OK
  Applying gradebook.0002_a_released_mark_stays_released...
 OK
  Applying results.0006_seed_traits_and_scale...
 OK
  Applying results.0007_a_released_card_stays_released...
 OK
  Applying results.0008_report_card_comments...
 OK
  Applying results.0009_a_released_remark_stays_released...
 OK
  Applying results.0010_a_released_remark_outlives_a_class_move...
 OK
  Applying results.0011_a_released_rating_outlives_a_class_move...
 OK
  Applying results.0012_three_term_view_and_promotion...
 OK
  Applying results.0013_a_session_line_and_a_decision_are_append_only...
 OK
  Applying results.0014_a_term_weighted_nothing_is_still_a_term...
 OK
  Applying results.0015_grade_bands...
 OK
  Applying results.0016_the_report_card_snapshot...
 OK
  Applying results.0017_every_frozen_row_hangs_off_a_card...
 OK
  Applying results.0018_a_frozen_card_is_append_only...
 OK
  Applying results.0019_a_card_can_be_reissued...
 OK
  Applying results.0020_no_index_is_built_twice...
 OK
  Applying results.0021_the_rendered_card...
 OK
  Applying results.0022_a_card_owes_a_file_from_the_moment_it_is_released...
 OK
  Applying sessions.0001_initial...
 OK
.
======================================================================
ERROR: test_an_invented_card_carries_the_school_and_the_class_by_name (results.tests.test_cards.TheBackfillInventsTheMissingCardsTests.test_an_invented_card_carries_the_school_and_the_class_by_name)
The header of the page, and both halves of it were wrong.
----------------------------------------------------------------------
Traceback (most recent call last):
  File "/usr/local/python/3.11.16/lib/python3.11/site-packages/django/db/backends/utils.py", line 103, in _execute
    return self.cursor.execute(sql)
           ^^^^^^^^^^^^^^^^^^^^^^^^
psycopg2.errors.ForeignKeyViolation: update or delete on table "results_releasedcard" violates foreign key constraint "results_releasedcard_card_id_fc0ded35_fk_results_r" on table "results_releasedcardpdf"
DETAIL:  Key (id)=(1) is still referenced from table "results_releasedcardpdf".


The above exception was the direct cause of the following exception:

Traceback (most recent call last):
  File "/home/vscode/worktrees/card-render-enqueue/results/tests/test_cards.py", line 962, in setUp
    self._make_it_look_pre_0016()
  File "/home/vscode/worktrees/card-render-enqueue/results/tests/test_cards.py", line 1113, in _make_it_look_pre_0016
    cursor.execute(f"DELETE FROM {table};")
  File "/usr/local/python/3.11.16/lib/python3.11/site-packages/django/db/backends/utils.py", line 79, in execute
    return self._execute_with_wrappers(
           ^^^^^^^^^^^^^^^^^^^^^^^^^^^^
  File "/usr/local/python/3.11.16/lib/python3.11/site-packages/django/db/backends/utils.py", line 92, in _execute_with_wrappers
    return executor(sql, params, many, context)
           ^^^^^^^^^^^^^^^^^^^^^^^^^^^^^^^^^^^^
  File "/usr/local/python/3.11.16/lib/python3.11/site-packages/django/db/backends/utils.py", line 100, in _execute
    with self.db.wrap_database_errors:
  File "/usr/local/python/3.11.16/lib/python3.11/site-packages/django/db/utils.py", line 91, in __exit__
    raise dj_exc_value.with_traceback(traceback) from exc_value
  File "/usr/local/python/3.11.16/lib/python3.11/site-packages/django/db/backends/utils.py", line 103, in _execute
    return self.cursor.execute(sql)
           ^^^^^^^^^^^^^^^^^^^^^^^^
django.db.utils.IntegrityError: update or delete on table "results_releasedcard" violates foreign key constraint "results_releasedcard_card_id_fc0ded35_fk_results_r" on table "results_releasedcardpdf"
DETAIL:  Key (id)=(1) is still referenced from table "results_releasedcardpdf".


======================================================================
ERROR: test_an_invented_card_claims_nothing_about_the_marks (results.tests.test_cards.TheBackfillInventsTheMissingCardsTests.test_an_invented_card_claims_nothing_about_the_marks)
It asserts one thing: this child's card went home on this release.
----------------------------------------------------------------------
Traceback (most recent call last):
  File "/usr/local/python/3.11.16/lib/python3.11/site-packages/django/db/backends/utils.py", line 103, in _execute
    return self.cursor.execute(sql)
           ^^^^^^^^^^^^^^^^^^^^^^^^
psycopg2.errors.ForeignKeyViolation: update or delete on table "results_releasedcard" violates foreign key constraint "results_releasedcard_card_id_fc0ded35_fk_results_r" on table "results_releasedcardpdf"
DETAIL:  Key (id)=(1) is still referenced from table "results_releasedcardpdf".


The above exception was the direct cause of the following exception:

Traceback (most recent call last):
  File "/home/vscode/worktrees/card-render-enqueue/results/tests/test_cards.py", line 962, in setUp
    self._make_it_look_pre_0016()
  File "/home/vscode/worktrees/card-render-enqueue/results/tests/test_cards.py", line 1113, in _make_it_look_pre_0016
    cursor.execute(f"DELETE FROM {table};")
  File "/usr/local/python/3.11.16/lib/python3.11/site-packages/django/db/backends/utils.py", line 79, in execute
    return self._execute_with_wrappers(
           ^^^^^^^^^^^^^^^^^^^^^^^^^^^^
  File "/usr/local/python/3.11.16/lib/python3.11/site-packages/django/db/backends/utils.py", line 92, in _execute_with_wrappers
    return executor(sql, params, many, context)
           ^^^^^^^^^^^^^^^^^^^^^^^^^^^^^^^^^^^^
  File "/usr/local/python/3.11.16/lib/python3.11/site-packages/django/db/backends/utils.py", line 100, in _execute
    with self.db.wrap_database_errors:
  File "/usr/local/python/3.11.16/lib/python3.11/site-packages/django/db/utils.py", line 91, in __exit__
    raise dj_exc_value.with_traceback(traceback) from exc_value
  File "/usr/local/python/3.11.16/lib/python3.11/site-packages/django/db/backends/utils.py", line 103, in _execute
    return self.cursor.execute(sql)
           ^^^^^^^^^^^^^^^^^^^^^^^^
django.db.utils.IntegrityError: update or delete on table "results_releasedcard" violates foreign key constraint "results_releasedcard_card_id_fc0ded35_fk_results_r" on table "results_releasedcardpdf"
DETAIL:  Key (id)=(1) is still referenced from table "results_releasedcardpdf".


======================================================================
ERROR: test_every_guarded_table_has_rows_to_link (results.tests.test_cards.TheBackfillInventsTheMissingCardsTests.test_every_guarded_table_has_rows_to_link)
The precondition. Without it every test here passes by having no work.
----------------------------------------------------------------------
Traceback (most recent call last):
  File "/usr/local/python/3.11.16/lib/python3.11/site-packages/django/db/backends/utils.py", line 103, in _execute
    return self.cursor.execute(sql)
           ^^^^^^^^^^^^^^^^^^^^^^^^
psycopg2.errors.ForeignKeyViolation: update or delete on table "results_releasedcard" violates foreign key constraint "results_releasedcard_card_id_fc0ded35_fk_results_r" on table "results_releasedcardpdf"
DETAIL:  Key (id)=(1) is still referenced from table "results_releasedcardpdf".


The above exception was the direct cause of the following exception:

Traceback (most recent call last):
  File "/home/vscode/worktrees/card-render-enqueue/results/tests/test_cards.py", line 962, in setUp
    self._make_it_look_pre_0016()
  File "/home/vscode/worktrees/card-render-enqueue/results/tests/test_cards.py", line 1113, in _make_it_look_pre_0016
    cursor.execute(f"DELETE FROM {table};")
  File "/usr/local/python/3.11.16/lib/python3.11/site-packages/django/db/backends/utils.py", line 79, in execute
    return self._execute_with_wrappers(
           ^^^^^^^^^^^^^^^^^^^^^^^^^^^^
  File "/usr/local/python/3.11.16/lib/python3.11/site-packages/django/db/backends/utils.py", line 92, in _execute_with_wrappers
    return executor(sql, params, many, context)
           ^^^^^^^^^^^^^^^^^^^^^^^^^^^^^^^^^^^^
  File "/usr/local/python/3.11.16/lib/python3.11/site-packages/django/db/backends/utils.py", line 100, in _execute
    with self.db.wrap_database_errors:
  File "/usr/local/python/3.11.16/lib/python3.11/site-packages/django/db/utils.py", line 91, in __exit__
    raise dj_exc_value.with_traceback(traceback) from exc_value
  File "/usr/local/python/3.11.16/lib/python3.11/site-packages/django/db/backends/utils.py", line 103, in _execute
    return self.cursor.execute(sql)
           ^^^^^^^^^^^^^^^^^^^^^^^^
django.db.utils.IntegrityError: update or delete on table "results_releasedcard" violates foreign key constraint "results_releasedcard_card_id_fc0ded35_fk_results_r" on table "results_releasedcardpdf"
DETAIL:  Key (id)=(1) is still referenced from table "results_releasedcardpdf".


======================================================================
ERROR: test_it_writes_one_card_per_child_and_links_every_section (results.tests.test_cards.TheBackfillInventsTheMissingCardsTests.test_it_writes_one_card_per_child_and_links_every_section)
----------------------------------------------------------------------
Traceback (most recent call last):
  File "/usr/local/python/3.11.16/lib/python3.11/site-packages/django/db/backends/utils.py", line 103, in _execute
    return self.cursor.execute(sql)
           ^^^^^^^^^^^^^^^^^^^^^^^^
psycopg2.errors.ForeignKeyViolation: update or delete on table "results_releasedcard" violates foreign key constraint "results_releasedcard_card_id_fc0ded35_fk_results_r" on table "results_releasedcardpdf"
DETAIL:  Key (id)=(1) is still referenced from table "results_releasedcardpdf".


The above exception was the direct cause of the following exception:

Traceback (most recent call last):
  File "/home/vscode/worktrees/card-render-enqueue/results/tests/test_cards.py", line 962, in setUp
    self._make_it_look_pre_0016()
  File "/home/vscode/worktrees/card-render-enqueue/results/tests/test_cards.py", line 1113, in _make_it_look_pre_0016
    cursor.execute(f"DELETE FROM {table};")
  File "/usr/local/python/3.11.16/lib/python3.11/site-packages/django/db/backends/utils.py", line 79, in execute
    return self._execute_with_wrappers(
           ^^^^^^^^^^^^^^^^^^^^^^^^^^^^
  File "/usr/local/python/3.11.16/lib/python3.11/site-packages/django/db/backends/utils.py", line 92, in _execute_with_wrappers
    return executor(sql, params, many, context)
           ^^^^^^^^^^^^^^^^^^^^^^^^^^^^^^^^^^^^
  File "/usr/local/python/3.11.16/lib/python3.11/site-packages/django/db/backends/utils.py", line 100, in _execute
    with self.db.wrap_database_errors:
  File "/usr/local/python/3.11.16/lib/python3.11/site-packages/django/db/utils.py", line 91, in __exit__
    raise dj_exc_value.with_traceback(traceback) from exc_value
  File "/usr/local/python/3.11.16/lib/python3.11/site-packages/django/db/backends/utils.py", line 103, in _execute
    return self.cursor.execute(sql)
           ^^^^^^^^^^^^^^^^^^^^^^^^
django.db.utils.IntegrityError: update or delete on table "results_releasedcard" violates foreign key constraint "results_releasedcard_card_id_fc0ded35_fk_results_r" on table "results_releasedcardpdf"
DETAIL:  Key (id)=(1) is still referenced from table "results_releasedcardpdf".


======================================================================
ERROR: test_the_reconstruction_leaves_no_card_but_keeps_the_sections (results.tests.test_cards.TheBackfillInventsTheMissingCardsTests.test_the_reconstruction_leaves_no_card_but_keeps_the_sections)
The precondition, and the control for everything below it.
----------------------------------------------------------------------
Traceback (most recent call last):
  File "/usr/local/python/3.11.16/lib/python3.11/site-packages/django/db/backends/utils.py", line 103, in _execute
    return self.cursor.execute(sql)
           ^^^^^^^^^^^^^^^^^^^^^^^^
psycopg2.errors.ForeignKeyViolation: update or delete on table "results_releasedcard" violates foreign key constraint "results_releasedcard_card_id_fc0ded35_fk_results_r" on table "results_releasedcardpdf"
DETAIL:  Key (id)=(1) is still referenced from table "results_releasedcardpdf".


The above exception was the direct cause of the following exception:

Traceback (most recent call last):
  File "/home/vscode/worktrees/card-render-enqueue/results/tests/test_cards.py", line 962, in setUp
    self._make_it_look_pre_0016()
  File "/home/vscode/worktrees/card-render-enqueue/results/tests/test_cards.py", line 1113, in _make_it_look_pre_0016
    cursor.execute(f"DELETE FROM {table};")
  File "/usr/local/python/3.11.16/lib/python3.11/site-packages/django/db/backends/utils.py", line 79, in execute
    return self._execute_with_wrappers(
           ^^^^^^^^^^^^^^^^^^^^^^^^^^^^
  File "/usr/local/python/3.11.16/lib/python3.11/site-packages/django/db/backends/utils.py", line 92, in _execute_with_wrappers
    return executor(sql, params, many, context)
           ^^^^^^^^^^^^^^^^^^^^^^^^^^^^^^^^^^^^
  File "/usr/local/python/3.11.16/lib/python3.11/site-packages/django/db/backends/utils.py", line 100, in _execute
    with self.db.wrap_database_errors:
  File "/usr/local/python/3.11.16/lib/python3.11/site-packages/django/db/utils.py", line 91, in __exit__
    raise dj_exc_value.with_traceback(traceback) from exc_value
  File "/usr/local/python/3.11.16/lib/python3.11/site-packages/django/db/backends/utils.py", line 103, in _execute
    return self.cursor.execute(sql)
           ^^^^^^^^^^^^^^^^^^^^^^^^
django.db.utils.IntegrityError: update or delete on table "results_releasedcard" violates foreign key constraint "results_releasedcard_card_id_fc0ded35_fk_results_r" on table "results_releasedcardpdf"
DETAIL:  Key (id)=(1) is still referenced from table "results_releasedcardpdf".


----------------------------------------------------------------------
Ran 577 tests in 1735.492s

FAILED (errors=5)
Destroying test database for alias 'default'...
EXIT=1
